"Branch","Ahead","Behind","Date"
"chore/asr-truth-1","1","190","2026-10-07 15:59:03 -0300"
"chore/audio-flag-1","1","187","2026-10-07 16:23:02 -0300"
"chore/audio-verify-1","1","218","2026-10-07 15:44:07 -0300"
"chore/bridge-wire-1","1","187","2026-10-07 16:25:39 -0300"
"chore/caption-threshold-1","1","189","2026-10-07 16:11:21 -0300"
"chore/endpoint-verify-1","1","218","2026-10-07 15:44:46 -0300"
"chore/evidence-audit-1","1","190","2026-10-07 15:59:04 -0300"
"chore/final-caption-1","1","189","2026-10-07 16:08:47 -0300"
"chore/hotkey-1","1","218","2026-10-07 15:47:13 -0300"
"chore/hotkey-3","1","191","2026-10-07 15:56:03 -0300"
"chore/lang-quality-1","1","188","2026-10-07 16:17:12 -0300"
"chore/merge-sweep-2","1","218","2026-10-07 15:45:30 -0300"
"chore/panel-build-1","1","218","2026-10-07 15:47:10 -0300"
"chore/panel-features-1","1","191","2026-10-07 15:56:03 -0300"
"chore/true-census-1","1","218","2026-10-07 15:47:19 -0300"
"chore/worker-truth-1","1","191","2026-10-07 15:56:04 -0300"
"chore/worker-truth-2","1","190","2026-10-07 15:58:41 -0300"
"docs/mvp-order-1","1","218","2026-10-07 15:45:00 -0300"
"docs/parity-1","1","275","2026-10-07 16:34:47 -0300"
"docs/retraction-correction-1","1","191","2026-10-07 15:56:05 -0300"
"feat/audio-tap-2","1","296","2026-10-07 13:55:48 -0300"
"feat/audio-tap-real","1","290","2026-10-07 14:55:34 -0300"
"feat/audio-v6","1","312","2026-10-09 00:59:42 -0300"
"feat/audio-wire","1","288","2026-10-07 14:59:32 -0300"
"feat/auth-fix-1","1","296","2026-10-09 00:59:40 -0300"
"feat/auth-fix-2","1","296","2026-10-07 13:56:08 -0300"
"feat/blind-bdeda02","1","290","2026-10-07 14:53:18 -0300"
"feat/blind-bdeda02-3","1","218","2026-10-07 15:44:44 -0300"
"feat/build-verify-1","0","290","2026-10-07 13:58:25 -0300"
"feat/crash-probe-3","2","278","2026-10-09 00:59:45 -0300"
"feat/crash-probe-5","1","218","2026-10-07 15:43:59 -0300"
"feat/cut-verb-2","1","296","2026-10-07 13:55:48 -0300"
"feat/cut-verb-4","1","273","2026-10-09 00:59:47 -0300"
"feat/cut-verb-5","1","216","2026-10-09 00:59:47 -0300"
"feat/cut-verb-i2","1","292","2026-10-09 00:59:57 -0300"
"feat/forgery-fix-2","1","294","2026-10-07 14:14:31 -0300"
"feat/index-perf-1","1","278","2026-10-07 15:30:50 -0300"
"feat/merge-audit-2","1","296","2026-10-07 13:55:51 -0300"
"feat/parse-fix-1","1","300","2026-10-09 00:59:40 -0300"
"feat/ram-budget-1","1","278","2026-10-07 15:30:54 -0300"
"feat/ram-budget-3","1","218","2026-10-07 15:44:40 -0300"
"feat/reply-fix-1","1","296","2026-10-09 00:59:41 -0300"
"feat/review-952","1","291","2026-10-07 14:44:27 -0300"
"feat/review-db0cf35","1","292","2026-10-07 14:37:35 -0300"
"feat/ring-cap-ram","1","340","2026-10-09 00:59:39 -0300"
"feat/rrf-3ch-1","2","278","2026-10-09 00:59:54 -0300"
"feat/rrf-3ch-2","1","272","2026-10-09 00:59:54 -0300"
"feat/rrf-3ch-3","2","218","2026-10-09 00:59:55 -0300"
"feat/rrf-probe-2","1","296","2026-10-07 13:56:12 -0300"
"feat/scale-probe-2","1","296","2026-10-07 13:55:52 -0300"
"feat/stdin-v9","2","313","2026-10-07 13:42:14 -0300"
"feat/verify-499-1","1","294","2026-10-07 14:10:43 -0300"
"feat/wgc-fix-1","1","218","2026-10-07 15:43:38 -0300"
"feat/wgc-fix-2","2","218","2026-10-07 15:47:14 -0300"
"lane/archplan","1","140","2026-10-07 18:12:03 -0300"
"lane/archplan2","1","140","2026-10-07 18:14:56 -0300"
"lane/archplan3","1","140","2026-10-07 18:17:57 -0300"
"lane/archplan4","1","140","2026-10-07 18:20:38 -0300"
"lane/archplan5","1","140","2026-10-07 18:24:24 -0300"
"lane/archplan6","1","140","2026-10-07 18:30:14 -0300"
"lane/audiobat2","1","140","2026-10-07 18:11:55 -0300"
"lane/audiobat3","1","140","2026-10-07 18:14:40 -0300"
"lane/audiobat4","1","140","2026-10-07 18:20:30 -0300"
"lane/audiofix","1","184","2026-10-09 00:59:43 -0300"
"lane/blind3","2","140","2026-10-07 18:14:43 -0300"
"lane/blind5","3","140","2026-10-09 00:59:43 -0300"
"lane/blind6","2","140","2026-10-07 18:24:15 -0300"
"lane/blind7","2","140","2026-10-07 18:27:06 -0300"
"lane/blind8","2","140","2026-10-07 18:29:54 -0300"
"lane/blindmatrix","2","143","2026-10-07 18:08:21 -0300"
"lane/cadence","1","99","2026-10-07 19:36:29 -0300"
"lane/caprefute","1","99","2026-10-07 19:36:31 -0300"
"lane/censusfix","2","99","2026-10-09 00:59:45 -0300"
"lane/chain","1","140","2026-10-07 19:19:50 -0300"
"lane/cron6","1","147","2026-10-07 17:10:41 -0300"
"lane/crondiag","1","147","2026-10-07 17:19:42 -0300"
"lane/cronfix","1","140","2026-10-07 18:11:19 -0300"
"lane/cronfix2","1","140","2026-10-07 18:14:06 -0300"
"lane/cronfix3","1","140","2026-10-07 18:17:10 -0300"
"lane/cronfix4","1","140","2026-10-07 18:19:55 -0300"
"lane/cronfix5","1","140","2026-10-07 18:23:30 -0300"
"lane/cronfix6","1","140","2026-10-07 18:26:17 -0300"
"lane/cronfix7","1","140","2026-10-07 18:29:04 -0300"
"lane/cronlive","1","146","2026-10-09 00:59:46 -0300"
"lane/cronstall","1","147","2026-10-07 17:17:41 -0300"
"lane/cront5","1","147","2026-10-07 17:01:38 -0300"
"lane/cronverify","1","140","2026-10-07 18:36:43 -0300"
"lane/cronverify2","1","140","2026-10-07 18:40:02 -0300"
"lane/decisions10","1","140","2026-10-07 19:17:10 -0300"
"lane/decisions2","1","140","2026-10-07 18:12:35 -0300"
"lane/decisions3","1","140","2026-10-07 18:14:55 -0300"
"lane/decisions4","1","140","2026-10-07 18:17:53 -0300"
"lane/decisions5","1","140","2026-10-07 18:20:27 -0300"
"lane/decisions6","1","140","2026-10-07 18:24:16 -0300"
"lane/decisions7","1","140","2026-10-07 18:27:01 -0300"
"lane/decisions8","1","140","2026-10-07 18:29:50 -0300"
"lane/electron2","1","140","2026-10-07 18:11:21 -0300"
"lane/electron3","1","140","2026-10-07 18:14:17 -0300"
"lane/electron4","1","140","2026-10-07 18:17:18 -0300"
"lane/electron5","1","140","2026-10-07 18:20:07 -0300"
"lane/electron6","1","140","2026-10-07 18:24:08 -0300"
"lane/electron7","1","140","2026-10-07 18:27:15 -0300"
"lane/electron8","1","140","2026-10-07 18:29:59 -0300"
"lane/electronarm","1","146","2026-10-07 18:06:57 -0300"
"lane/fleet","1","99","2026-10-07 21:24:32 -0300"
"lane/friction","1","99","2026-10-07 19:36:02 -0300"
"lane/gapres","1","99","2026-10-07 19:35:26 -0300"
"lane/gateaudit","1","99","2026-10-07 19:35:56 -0300"
"lane/gitleaks","1","146","2026-10-07 18:06:52 -0300"
"lane/guard2","1","140","2026-10-07 18:12:05 -0300"
"lane/guard3","1","140","2026-10-07 18:15:00 -0300"
"lane/hang","1","140","2026-10-07 18:33:15 -0300"
"lane/harvest2","1","140","2026-10-07 18:14:15 -0300"
"lane/harvest3","1","140","2026-10-07 18:17:42 -0300"
"lane/intmerge10","1","140","2026-10-07 19:17:02 -0300"
"lane/intmerge11","1","140","2026-10-07 19:19:47 -0300"
"lane/intmerge13","1","99","2026-10-07 19:32:19 -0300"
"lane/intmerge2","1","140","2026-10-07 18:17:12 -0300"
"lane/intmerge3","1","140","2026-10-07 18:19:58 -0300"
"lane/intmerge4","1","140","2026-10-07 18:23:43 -0300"
"lane/intmerge5","1","140","2026-10-07 18:26:16 -0300"
"lane/intmerge6","1","140","2026-10-07 18:29:04 -0300"
"lane/intmerge7","1","140","2026-10-07 18:33:15 -0300"
"lane/intmerge9","1","140","2026-10-07 18:39:57 -0300"
"lane/mergepop","1","99","2026-10-07 19:35:23 -0300"
"lane/overlay","1","99","2026-10-07 21:24:31 -0300"
"lane/pipeline","1","99","2026-10-07 21:24:15 -0300"
"lane/ptv2","1","147","2026-10-07 16:55:28 -0300"
"lane/reconcile","1","99","2026-10-07 21:29:48 -0300"
"lane/recover","1","147","2026-10-07 16:58:39 -0300"
"lane/recovery","1","144","2026-10-09 00:59:53 -0300"
"lane/redact","1","146","2026-10-07 18:07:45 -0300"
"lane/replay","2","99","2026-10-09 00:59:53 -0300"
"lane/rescue82","1","290","2026-10-07 18:07:42 -0300"
"lane/rescue82b","1","290","2026-10-07 18:11:25 -0300"
"lane/rescue82c","1","290","2026-10-07 18:14:12 -0300"
"lane/rescue82d","1","290","2026-10-07 18:17:15 -0300"
"lane/rescue82e","1","290","2026-10-07 18:19:59 -0300"
"lane/rescue82f","1","290","2026-10-07 18:24:01 -0300"
"lane/rescue82g","1","290","2026-10-07 18:26:47 -0300"
"lane/rescue82i","1","290","2026-10-07 18:33:20 -0300"
"lane/rescue82j","1","290","2026-10-07 18:36:50 -0300"
"lane/rescue82k","1","290","2026-10-07 18:40:16 -0300"
"lane/rescue82l","1","290","2026-10-07 19:17:07 -0300"
"lane/roadmap2","1","140","2026-10-07 18:11:56 -0300"
"lane/roadmap3","1","140","2026-10-07 18:14:57 -0300"
"lane/roadmap4","1","140","2026-10-07 18:20:36 -0300"
"lane/scale2","1","140","2026-10-07 18:12:00 -0300"
"lane/scale3","1","140","2026-10-07 18:14:52 -0300"
"lane/scan11","1","140","2026-10-07 18:40:20 -0300"
"lane/scan12","1","140","2026-10-07 19:17:07 -0300"
"lane/scan2","1","140","2026-10-07 18:11:29 -0300"
"lane/scan3","1","140","2026-10-07 18:14:13 -0300"
"lane/scan4","1","140","2026-10-07 18:17:17 -0300"
"lane/scan5","1","140","2026-10-07 18:20:06 -0300"
"lane/scan6","1","290","2026-10-07 18:24:07 -0300"
"lane/scan7","1","140","2026-10-07 18:26:49 -0300"
"lane/scan8","1","140","2026-10-07 18:29:19 -0300"
"lane/scan9","1","140","2026-10-07 18:33:33 -0300"
"lane/schemacoll","1","99","2026-10-07 19:36:04 -0300"
"lane/scrub","1","99","2026-10-07 19:35:58 -0300"
"lane/survival","1","140","2026-10-07 18:20:40 -0300"
"lane/survival2","1","140","2026-10-07 18:24:19 -0300"
"lane/taskaudit","1","99","2026-10-07 19:36:00 -0300"
"lane/thresh2","1","140","2026-10-07 18:08:22 -0300"
"lane/thresh3","2","140","2026-10-09 00:59:56 -0300"
"lane/thresh4","1","140","2026-10-07 18:14:18 -0300"
"lane/thresh5","1","140","2026-10-07 18:17:45 -0300"
"lane/thresh6","1","140","2026-10-07 18:20:23 -0300"
"lane/thresh7","1","140","2026-10-07 18:24:11 -0300"
"lane/thresh8","1","140","2026-10-07 18:26:55 -0300"
"lane/thresh9","1","140","2026-10-07 18:29:43 -0300"
"lane/wakeapply","1","99","2026-10-07 19:47:49 -0300"
"lane/wakefix","1","99","2026-10-07 19:43:26 -0300"
"lane/wer","1","140","2026-10-07 18:12:02 -0300"
"lane/wer2","1","140","2026-10-07 18:14:43 -0300"
"lane/wer3","1","140","2026-10-07 18:17:50 -0300"
"lane/wer4","1","140","2026-10-07 18:20:27 -0300"
"lane/wer5","1","140","2026-10-07 18:24:12 -0300"
"lane/wer6","1","140","2026-10-07 18:30:11 -0300"
"lane/whytask","1","140","2026-10-07 19:17:05 -0300"
"lane/wtarchive","1","99","2026-10-07 19:35:59 -0300"
