1	35160	28	24	
2	35160	28	24	
3	35160	28	49	
4	35160	28	25	
5	35160	28	23	
6	35160	28	23	
7	35160	28	24	
8	35160	28	24	
9	35160	28	39	
10	35160	28	40	
11	35160	28	40	
12	35160	28	24	
13	35160	28	24	
14	35160	28	22	
15	35160	28	24	
16	35160	28	24	
17	35160	28	24	
18	35160	29	25	
19	35160	29	25	
20	35160	29	24	
21	35160	29	24	
22	35160	29	24	
23	35160	29	31	
24	35160	29	44	
25	35160	29	24	
26	35160	29	24	
27	35160	29	26	
28	35160	29	25	
29	35160	29	25	
30	35160	29	26	
31	35160	29	26	
32	35160	29	26	
33	35160	29	40	
34	35160	29	58	
35	35160	29	24	
36	35160	29	24	
37	35160	29	41	
38	35160	29	41	
39	35160	29	39	
40	35160	29	24	
41	35160	29	24	
42	35160	29	24	
43	35160	29	24	
44	35160	29	24	
45	35160	29	24	
46	35160	29	24	
47	35160	29	24	
48	35160	29	24	
49	35160	29	24	
50	35160	29	25	
51	35160	29	34	
52	35160	29	43	
53	35160	29	43	
54	35160	29	24	
55	35160	29	23	
56	35160	29	23	
57	35160	29	24	
58	35160	29	25	
59	35160	29	37	
60	35160	29	53	
61	35160	29	53	
62	35160	29	49	
63	35160	29	24	
64	35160	29	24	
65	35160	29	42	
