1	3148	28	42	
2	3148	28	25	
3	3148	29	41	
4	3148	29	41	
5	3148	29	26	
6	3148	29	27	
7	3148	29	23	
8	3148	29	23	
9	3148	29	49	
10	3148	29	43	
11	3148	29	43	
12	3148	29	41	
13	3148	29	40	
14	3148	29	40	
15	3148	29	40	
16	3148	29	72	
17	3148	29	78	
18	3148	29	78	
19	3148	29	60	
20	3148	29	39	
21	3148	29	39	
22	3148	29	44	
23	3148	29	45	
24	3148	29	45	
25	3148	29	45	
26	3148	29	45	
27	3148	29	45	
28	3148	29	44	
29	3148	29	69	
30	3148	29	69	
31	3148	29	72	
32	3148	29	72	
33	3148	29	25	
34	3148	29	58	
35	3148	29	58	
36	3148	29	30	
37	3148	29	30	
38	3148	29	30	
39	3148	29	27	
40	3148	29	29	
41	3148	29	29	
42	3148	29	29	
43	3148	29	29	
44	3148	29	29	
45	3148	29	52	
46	3148	29	52	
47	3148	29	30	
48	3148	29	29	
49	3148	29	29	
50	3148	29	59	
51	3148	29	29	
52	3148	29	29	
53	3148	29	29	
54	3148	29	28	
55	3148	29	28	
56	3148	29	28	
57	3148	29	29	
58	3148	29	29	
59	3148	29	46	
60	3148	29	46	
61	3148	29	49	
62	3148	29	49	
63	3148	29	29	
64	3148	29	24	
