"Path","Branch","Head"
"H:/sotto","feat/build-verify-1","24df100"
"H:/sotto-wt/ArbV8","main","eb87435"
"H:/sotto-wt/ArbV9","feat/stdin-v9","fe544e4"
"H:/sotto-wt/archplan","lane/archplan","a4f04ed"
"H:/sotto-wt/archplan2","lane/archplan2","caa04df"
"H:/sotto-wt/archplan3","lane/archplan3","3977aaa"
"H:/sotto-wt/archplan4","lane/archplan4","69e763f"
"H:/sotto-wt/archplan5","lane/archplan5","43e1c0a"
"H:/sotto-wt/archplan6","lane/archplan6","f8fbf8a"
"H:/sotto-wt/argfix","chore/audio-flag-1","fe18e22"
"H:/sotto-wt/asr","chore/asr-truth-1","d58f77e"
"H:/sotto-wt/audio-v6","feat/audio-v6","dfe9f00"
"H:/sotto-wt/audiobat2","lane/audiobat2","ced3654"
"H:/sotto-wt/audiobat3","lane/audiobat3","2e3a60f"
"H:/sotto-wt/audiobat4","lane/audiobat4","88ca43c"
"H:/sotto-wt/audiofix","lane/audiofix","41424b0"
"H:/sotto-wt/AudioTap2","feat/audio-tap-2","17599e5"
"H:/sotto-wt/audioverify","chore/audio-verify-1","e047fcf"
"H:/sotto-wt/AuthFix","feat/auth-fix-1","b8cd6ad"
"H:/sotto-wt/AuthFix2","feat/auth-fix-2","d6b34cc"
"H:/sotto-wt/blind3","feat/blind-bdeda02-3","542756b"
"H:/sotto-wt/blind3-lane","lane/blind3","e3cae58"
"H:/sotto-wt/blind5","lane/blind5","40ec9a0"
"H:/sotto-wt/blind6","lane/blind6","e2bb66b"
"H:/sotto-wt/blind7","lane/blind7","afd5637"
"H:/sotto-wt/blind8","lane/blind8","fcb41e2"
"H:/sotto-wt/blindmatrix","lane/blindmatrix","7101b7e"
"H:/sotto-wt/bridgewire","chore/bridge-wire-1","6ce820a"
"H:/sotto-wt/cadence","lane/cadence","f56fdcf"
"H:/sotto-wt/caprefute","lane/caprefute","b629d3e"
"H:/sotto-wt/capthr","chore/caption-threshold-1","643064c"
"H:/sotto-wt/census","chore/true-census-1","f55d3aa"
"H:/sotto-wt/censusfix","lane/censusfix","242c838"
"H:/sotto-wt/chain","lane/chain","cd85ee9"
"H:/sotto-wt/correct","docs/retraction-correction-1","4caea02"
"H:/sotto-wt/crash","feat/crash-probe-3","df6eb3f"
"H:/sotto-wt/crash5","feat/crash-probe-5","dd027c1"
"H:/sotto-wt/cron6","lane/cron6","1994870"
"H:/sotto-wt/crondiag","lane/crondiag","ca6884e"
"H:/sotto-wt/cronfix","lane/cronfix","70ef702"
"H:/sotto-wt/cronfix2","lane/cronfix2","2205f50"
"H:/sotto-wt/cronfix3","lane/cronfix3","7f40db6"
"H:/sotto-wt/cronfix4","lane/cronfix4","b94faa6"
"H:/sotto-wt/cronfix5","lane/cronfix5","8249679"
"H:/sotto-wt/cronfix6","lane/cronfix6","154b911"
"H:/sotto-wt/cronfix7","lane/cronfix7","5fea713"
"H:/sotto-wt/cronlive","lane/cronlive","3862548"
"H:/sotto-wt/cronstall","lane/cronstall","e2e5e5f"
"H:/sotto-wt/cront5","lane/cront5","0fbf3d5"
"H:/sotto-wt/cronverify","lane/cronverify","35880d2"
"H:/sotto-wt/cronverify2","lane/cronverify2","601cce4"
"H:/sotto-wt/cut4","feat/cut-verb-4","dd23072"
"H:/sotto-wt/cut5","feat/cut-verb-5","bdccd6b"
"H:/sotto-wt/CutVerb2","feat/cut-verb-2","d0a3b9f"
"H:/sotto-wt/decisions10","lane/decisions10","e1d207e"
"H:/sotto-wt/decisions2","lane/decisions2","c1aa9ca"
"H:/sotto-wt/decisions3","lane/decisions3","ad82cf2"
"H:/sotto-wt/decisions4","lane/decisions4","7aaa88e"
"H:/sotto-wt/decisions5","lane/decisions5","4249cc1"
"H:/sotto-wt/decisions6","lane/decisions6","607cf8c"
"H:/sotto-wt/decisions7","lane/decisions7","3e2c97e"
"H:/sotto-wt/decisions8","lane/decisions8","4ade805"
"H:/sotto-wt/electron2","lane/electron2","982eed9"
"H:/sotto-wt/electron3","lane/electron3","c635d4d"
"H:/sotto-wt/electron4","lane/electron4","75cf829"
"H:/sotto-wt/electron5","lane/electron5","f1a7d11"
"H:/sotto-wt/electron6","lane/electron6","f5df718"
"H:/sotto-wt/electron7","lane/electron7","a74e47e"
"H:/sotto-wt/electron8","lane/electron8","8c4b43e"
"H:/sotto-wt/electronarm","lane/electronarm","6416875"
"H:/sotto-wt/epverify","chore/endpoint-verify-1","1b62dc4"
"H:/sotto-wt/features","chore/panel-features-1","38c6e57"
"H:/sotto-wt/finalcap","chore/final-caption-1","f6cebf2"
"H:/sotto-wt/fleet","lane/fleet","399c8a1"
"H:/sotto-wt/friction","lane/friction","ba09aa3"
"H:/sotto-wt/gapres","lane/gapres","46494f9"
"H:/sotto-wt/gateaudit","lane/gateaudit","156b12d"
"H:/sotto-wt/gitleaks","lane/gitleaks","d5777bf"
"H:/sotto-wt/guard2","lane/guard2","5527345"
"H:/sotto-wt/guard3","lane/guard3","973fa40"
"H:/sotto-wt/hang","lane/hang","603da8c"
"H:/sotto-wt/harvest2","lane/harvest2","4bf8c1e"
"H:/sotto-wt/harvest3","lane/harvest3","453fbbc"
"H:/sotto-wt/hotkey","chore/hotkey-1","d0cb61f"
"H:/sotto-wt/hotkey3","chore/hotkey-3","0db2739"
"H:/sotto-wt/idxperf","feat/index-perf-1","cc5c433"
"H:/sotto-wt/intmerge10","lane/intmerge10","a196daf"
"H:/sotto-wt/intmerge11","lane/intmerge11","9a46411"
"H:/sotto-wt/intmerge13","lane/intmerge13","de33f2e"
"H:/sotto-wt/intmerge2","lane/intmerge2","ef8a63c"
"H:/sotto-wt/intmerge3","lane/intmerge3","144a122"
"H:/sotto-wt/intmerge4","lane/intmerge4","1df3613"
"H:/sotto-wt/intmerge5","lane/intmerge5","5031905"
"H:/sotto-wt/intmerge6","lane/intmerge6","6ad6fc9"
"H:/sotto-wt/intmerge7","lane/intmerge7","7332d0b"
"H:/sotto-wt/intmerge9","lane/intmerge9","27bc30b"
"H:/sotto-wt/langfix","chore/lang-quality-1","f15826a"
"H:/sotto-wt/MergeAudit2","feat/merge-audit-2","17072a2"
"H:/sotto-wt/mergepop","lane/mergepop","8c7a3cf"
"H:/sotto-wt/mvp","docs/mvp-order-1","2fb1528"
"H:/sotto-wt/overlay","lane/overlay","112b8ae"
"H:/sotto-wt/panelbuild","chore/panel-build-1","212d592"
"H:/sotto-wt/ParseFix","feat/parse-fix-1","24fe283"
"H:/sotto-wt/pipeline","lane/pipeline","e040fc8"
"H:/sotto-wt/ptv2","lane/ptv2","c7ca105"
"H:/sotto-wt/ram3","feat/ram-budget-3","957ed84"
"H:/sotto-wt/rambudget","feat/ram-budget-1","9ea4084"
"H:/sotto-wt/reconcile","lane/reconcile","57c2e1d"
"H:/sotto-wt/recover","lane/recover","8c7ba01"
"H:/sotto-wt/recovery","lane/recovery","4d6e564"
"H:/sotto-wt/redact","lane/redact","fd13e6c"
"H:/sotto-wt/replay","lane/replay","46a9764"
"H:/sotto-wt/ReplyFix","feat/reply-fix-1","410b028"
"H:/sotto-wt/rescue82","lane/rescue82","277961e"
"H:/sotto-wt/rescue82b","lane/rescue82b","48b86b4"
"H:/sotto-wt/rescue82c","lane/rescue82c","5695369"
"H:/sotto-wt/rescue82d","lane/rescue82d","3581139"
"H:/sotto-wt/rescue82e","lane/rescue82e","992ef2e"
"H:/sotto-wt/rescue82f","lane/rescue82f","58a4456"
"H:/sotto-wt/rescue82g","lane/rescue82g","d0ec061"
"H:/sotto-wt/rescue82i","lane/rescue82i","1b32cd8"
"H:/sotto-wt/rescue82j","lane/rescue82j","714d797"
"H:/sotto-wt/rescue82k","lane/rescue82k","643c87c"
"H:/sotto-wt/rescue82l","lane/rescue82l","54ad6c5"
"H:/sotto-wt/roadmap2","lane/roadmap2","9d7e9c2"
"H:/sotto-wt/roadmap3","lane/roadmap3","5d11e1b"
"H:/sotto-wt/roadmap4","lane/roadmap4","72c308c"
"H:/sotto-wt/rrf","feat/rrf-3ch-1","998861d"
"H:/sotto-wt/rrf2","feat/rrf-3ch-2","6d4e917"
"H:/sotto-wt/rrf3","feat/rrf-3ch-3","ca4b483"
"H:/sotto-wt/RRFProbe2","feat/rrf-probe-2","55a95f6"
"H:/sotto-wt/scale2","lane/scale2","a121512"
"H:/sotto-wt/scale3","lane/scale3","c4eeca2"
"H:/sotto-wt/ScaleProbe2","feat/scale-probe-2","10c7ef3"
"H:/sotto-wt/scan11","lane/scan11","371cce6"
"H:/sotto-wt/scan12","lane/scan12","cd60480"
"H:/sotto-wt/scan2","lane/scan2","053c78d"
"H:/sotto-wt/scan3","lane/scan3","dcb7589"
"H:/sotto-wt/scan4","lane/scan4","570fa49"
"H:/sotto-wt/scan5","lane/scan5","0667875"
"H:/sotto-wt/scan6","lane/scan6","22518f0"
"H:/sotto-wt/scan7","lane/scan7","4adcfdb"
"H:/sotto-wt/scan8","lane/scan8","ad4baee"
"H:/sotto-wt/scan9","lane/scan9","71f62c8"
"H:/sotto-wt/schemacoll","lane/schemacoll","97239f4"
"H:/sotto-wt/scrub","lane/scrub","f230d86"
"H:/sotto-wt/StdinV9","feat/stdin-v9","fe544e4"
"H:/sotto-wt/survival","lane/survival","0d33d93"
"H:/sotto-wt/survival2","lane/survival2","6190b2b"
"H:/sotto-wt/sweep2","chore/merge-sweep-2","dd9f9c1"
"H:/sotto-wt/taint","chore/evidence-audit-1","a155cac"
"H:/sotto-wt/taskaudit","lane/taskaudit","b7984e9"
"H:/sotto-wt/thresh2","lane/thresh2","249f3a0"
"H:/sotto-wt/thresh3","lane/thresh3","ac894a7"
"H:/sotto-wt/thresh4","lane/thresh4","63a579f"
"H:/sotto-wt/thresh5","lane/thresh5","0f736ad"
"H:/sotto-wt/thresh6","lane/thresh6","aab5bde"
"H:/sotto-wt/thresh7","lane/thresh7","e7a4c10"
"H:/sotto-wt/thresh8","lane/thresh8","2aa1aa3"
"H:/sotto-wt/thresh9","lane/thresh9","8d353f1"
"H:/sotto-wt/Verify499","feat/verify-499-1","458856c"
"H:/sotto-wt/wakeapply","lane/wakeapply","b4c2e2f"
"H:/sotto-wt/wakefix","lane/wakefix","fdffec2"
"H:/sotto-wt/wer","lane/wer","354f964"
"H:/sotto-wt/wer2","lane/wer2","d3f0aee"
"H:/sotto-wt/wer3","lane/wer3","a8e6531"
"H:/sotto-wt/wer4","lane/wer4","e2f6045"
"H:/sotto-wt/wer5","lane/wer5","a1ac26f"
"H:/sotto-wt/wer6","lane/wer6","d13511f"
"H:/sotto-wt/wgc","feat/wgc-fix-1","e281ac3"
"H:/sotto-wt/wgc2","feat/wgc-fix-2","729d609"
"H:/sotto-wt/whytask","lane/whytask","cd82203"
"H:/sotto-wt/worker","chore/worker-truth-1","d7fe23d"
"H:/sotto-wt/worker2","chore/worker-truth-2","2ed9509"
"H:/sotto-wt/wtarchive","lane/wtarchive","5800a7f"
"H:/sotto-wt-EmbedRuntime","feat/ring-cap-ram","50a273d"
"I:/wt/AudioReal","feat/audio-tap-real","0561c65"
"I:/wt/AudioWire","feat/audio-wire","239450d"
"I:/wt/Blind1","feat/blind-bdeda02","2f0da0c"
"I:/wt/CutVerbI2","feat/cut-verb-i2","d902199"
"I:/wt/ForgeryFix2","feat/forgery-fix-2","5ee8369"
"I:/wt/Rev1","feat/review-db0cf35","56b9e9d"
"I:/wt/Rev952","feat/review-952","e065cac"
