iso,stat_bytes,read_bytes,sha256_8,mtime_iso,torn
2026-10-07T18:29:39.6391568-03:00,9000,9000,7EE06135,2026-10-07T18:27:59.8633814-03:00,False
2026-10-07T18:29:41.1538779-03:00,9000,9000,7EE06135,2026-10-07T18:27:59.8633814-03:00,False
2026-10-07T18:29:42.1729937-03:00,9000,9000,7EE06135,2026-10-07T18:27:59.8633814-03:00,False
2026-10-07T18:29:43.2021182-03:00,9000,9000,7EE06135,2026-10-07T18:27:59.8633814-03:00,False
2026-10-07T18:29:44.2199557-03:00,9000,9000,7EE06135,2026-10-07T18:27:59.8633814-03:00,False
2026-10-07T18:29:45.2399799-03:00,9000,9000,7EE06135,2026-10-07T18:27:59.8633814-03:00,False
2026-10-07T18:29:46.2650808-03:00,9000,9000,7EE06135,2026-10-07T18:27:59.8633814-03:00,False
2026-10-07T18:29:47.2885793-03:00,9000,9000,7EE06135,2026-10-07T18:27:59.8633814-03:00,False
2026-10-07T18:29:48.8215559-03:00,9000,9000,7EE06135,2026-10-07T18:27:59.8633814-03:00,False
2026-10-07T18:29:49.8316855-03:00,9000,9000,7EE06135,2026-10-07T18:27:59.8633814-03:00,False
2026-10-07T18:29:50.8583787-03:00,9000,9000,7EE06135,2026-10-07T18:27:59.8633814-03:00,False
2026-10-07T18:29:52.3584730-03:00,9000,9000,7EE06135,2026-10-07T18:27:59.8633814-03:00,False
2026-10-07T18:29:53.3820051-03:00,9000,9000,7EE06135,2026-10-07T18:27:59.8633814-03:00,False
2026-10-07T18:29:54.3983041-03:00,9000,9000,7EE06135,2026-10-07T18:27:59.8633814-03:00,False
2026-10-07T18:29:55.4163837-03:00,9000,9000,7EE06135,2026-10-07T18:27:59.8633814-03:00,False
2026-10-07T18:29:56.4325112-03:00,9000,9000,7EE06135,2026-10-07T18:27:59.8633814-03:00,False
2026-10-07T18:29:57.6628113-03:00,9000,9000,7EE06135,2026-10-07T18:27:59.8633814-03:00,False
2026-10-07T18:29:58.6785191-03:00,9000,9000,7EE06135,2026-10-07T18:27:59.8633814-03:00,False
2026-10-07T18:29:59.8777600-03:00,9000,9000,7EE06135,2026-10-07T18:27:59.8633814-03:00,False
2026-10-07T18:30:00.9034380-03:00,9000,9000,7EE06135,2026-10-07T18:27:59.8633814-03:00,False
2026-10-07T18:30:02.6512504-03:00,9000,9000,7EE06135,2026-10-07T18:27:59.8633814-03:00,False
2026-10-07T18:30:03.6762816-03:00,9000,9000,7EE06135,2026-10-07T18:27:59.8633814-03:00,False
2026-10-07T18:30:04.6936947-03:00,9000,9000,7EE06135,2026-10-07T18:27:59.8633814-03:00,False
2026-10-07T18:30:05.7057493-03:00,9000,9000,7EE06135,2026-10-07T18:27:59.8633814-03:00,False
2026-10-07T18:30:06.7196627-03:00,9000,9000,7EE06135,2026-10-07T18:27:59.8633814-03:00,False
2026-10-07T18:30:07.7335018-03:00,9000,9000,7EE06135,2026-10-07T18:27:59.8633814-03:00,False
2026-10-07T18:30:08.7503433-03:00,9000,9000,7EE06135,2026-10-07T18:27:59.8633814-03:00,False
2026-10-07T18:30:09.7678230-03:00,9000,9000,7EE06135,2026-10-07T18:27:59.8633814-03:00,False
2026-10-07T18:30:10.7971189-03:00,9000,9000,7EE06135,2026-10-07T18:27:59.8633814-03:00,False
2026-10-07T18:30:11.8106321-03:00,9000,9000,7EE06135,2026-10-07T18:27:59.8633814-03:00,False
2026-10-07T18:30:13.0551937-03:00,9000,9000,7EE06135,2026-10-07T18:27:59.8633814-03:00,False
2026-10-07T18:30:14.0812572-03:00,9000,9000,7EE06135,2026-10-07T18:27:59.8633814-03:00,False
2026-10-07T18:30:15.5196261-03:00,9000,9000,7EE06135,2026-10-07T18:27:59.8633814-03:00,False
2026-10-07T18:30:16.8301461-03:00,9000,9000,7EE06135,2026-10-07T18:27:59.8633814-03:00,False
2026-10-07T18:30:18.0701458-03:00,9000,9000,7EE06135,2026-10-07T18:27:59.8633814-03:00,False
2026-10-07T18:30:19.0762396-03:00,9000,9000,7EE06135,2026-10-07T18:27:59.8633814-03:00,False
2026-10-07T18:30:20.1027280-03:00,9000,9000,7EE06135,2026-10-07T18:27:59.8633814-03:00,False
2026-10-07T18:30:21.1189561-03:00,9000,9000,7EE06135,2026-10-07T18:27:59.8633814-03:00,False
2026-10-07T18:30:22.1396875-03:00,9000,9000,7EE06135,2026-10-07T18:27:59.8633814-03:00,False
