t_s,ws_mb,peak_ws_mb
0,379,56,9,56,9
0,458,165,5,165,5
0,618,308,9,308,9
0,747,371,5,371,5
0,880,478,4,478,4
0,960,539,6,539,6
1,048,608,8,608,8
1,122,654,9,654,9
1,207,706,6,730,7
1,278,714,9,730,7
1,393,714,1,730,7
1,448,714,2,730,7
1,511,714,9,730,7
1,572,714,2,753,1
1,655,715,6,753,1
1,730,715,7,753,1
1,791,716,1,753,1
1,869,715,0,753,1
1,932,715,1,753,1
2,033,715,2,753,1
2,120,715,4,753,1
2,183,715,4,753,1
2,262,715,4,753,1
2,313,715,4,753,1
2,417,715,4,753,1
2,495,715,4,753,1
2,555,715,4,753,1
2,633,715,4,753,1
2,695,715,4,753,1
2,757,715,4,753,1
2,808,715,4,753,1
2,923,715,4,753,1
2,979,715,4,753,1
3,073,715,4,753,1
3,134,715,4,753,1
3,196,715,4,753,1
3,258,715,4,753,1
3,428,715,4,753,1
3,596,715,4,753,1
3,757,715,4,753,1
4,099,715,4,753,1
4,205,715,4,753,1
4,283,715,7,753,1
4,347,716,7,753,1
4,421,716,8,753,1
4,469,716,9,753,1
4,561,716,7,753,1
4,649,720,1,753,1
4,763,720,1,753,1
4,836,720,2,753,1
4,904,720,3,753,1
4,983,720,3,753,1
5,063,720,4,753,1
5,118,720,5,753,1
5,190,716,5,753,1
5,262,719,0,753,1
5,365,720,7,753,1
5,413,719,7,753,1
5,476,720,9,753,1
5,521,720,5,753,1
5,583,726,1,753,1
5,728,734,1,753,1
5,821,735,7,753,1
5,924,737,9,753,1
6,022,741,9,753,1
6,182,750,4,756,0
6,405,741,7,756,0
7,053,746,2,756,0
12,414,749,6,756,0
13,570,749,3,756,0
15,517,749,3,756,0
16,458,755,8,756,0
19,814,753,9,756,0
22,696,775,1,783,4
23,918,772,9,783,4
24,820,772,9,783,4
25,231,777,1,783,4
25,738,768,4,783,4
26,331,874,3,874,3
27,063,901,4,901,4
28,108,930,0,930,0
28,851,956,6,956,6
30,282,956,6,956,6
31,660,956,6,956,6
32,888,956,6,956,6
34,178,956,6,956,6
35,022,956,6,956,6
36,440,956,6,956,6
37,325,956,6,956,6
38,676,956,6,956,6
39,326,956,6,956,6
39,805,956,6,956,6
40,080,956,6,956,6
40,378,956,6,956,6
40,554,956,6,956,6
40,718,956,6,956,6
41,038,956,9,956,9
41,391,956,9,956,9
41,617,957,8,957,8
41,851,957,9,957,9
42,022,957,9,957,9
42,149,957,9,957,9
42,395,957,9,957,9
42,610,957,9,957,9
42,841,957,9,957,9
42,968,957,9,957,9
43,099,957,9,957,9
43,409,957,9,957,9
43,589,957,9,957,9
43,871,957,9,957,9
44,084,957,9,957,9
44,212,958,3,958,3
44,432,958,3,958,3
44,585,958,3,958,3
44,699,958,3,958,3
44,873,958,3,958,3
45,003,958,3,958,3
45,155,958,3,958,3
45,280,958,3,958,3
45,390,958,3,958,3
45,791,958,3,958,3
45,894,958,3,958,3
46,000,958,3,958,3
46,078,958,3,958,3
46,156,958,3,958,3
46,258,958,3,958,3
46,351,958,3,958,3
46,444,958,3,958,3
46,545,958,3,958,3
46,660,958,3,958,3
46,764,958,3,958,3
46,894,958,3,958,3
46,986,958,3,958,3
47,110,958,3,958,3
47,208,958,3,958,3
47,311,958,3,958,3
47,433,958,3,958,3
47,545,958,3,958,3
47,652,958,3,958,3
47,730,958,3,958,3
47,820,958,3,958,3
47,918,958,3,958,3
48,041,958,3,958,3
48,137,958,3,958,3
48,209,958,3,958,3
48,322,958,3,958,3
48,440,958,3,958,3
48,560,958,3,958,3
48,704,958,3,958,3
48,827,958,3,958,3
48,928,958,3,958,3
49,076,958,3,958,3
49,169,958,3,958,3
49,277,958,3,958,3
49,397,958,3,958,3
49,685,958,3,958,3
49,897,958,3,958,3
50,043,958,3,958,3
50,141,958,3,958,3
50,246,958,3,958,3
50,642,958,3,958,3
50,720,958,3,958,3
50,811,958,3,958,3
50,906,958,3,958,3
51,018,958,3,958,3
51,102,958,3,958,3
51,194,958,3,958,3
51,267,958,3,958,3
51,345,958,3,958,3
51,418,958,3,958,3
51,543,958,3,958,3
51,668,958,3,958,3
51,791,958,3,958,3
51,890,958,3,958,3
51,991,958,3,958,3
52,138,958,3,958,3
52,656,958,3,958,3
53,607,958,3,958,3
54,185,958,3,958,3
54,768,958,3,958,3
55,112,958,3,958,3
55,653,958,3,958,3
56,167,958,3,958,3
56,578,958,3,958,3
56,981,958,3,958,3
57,295,958,3,958,3
57,538,958,3,958,3
57,806,958,3,958,3
58,041,958,3,958,3
58,264,958,3,958,3
58,598,958,3,958,3
58,785,958,3,958,3
58,958,958,3,958,3
59,347,958,3,958,3
59,654,958,2,958,3
60,347,958,2,958,3
60,851,958,2,958,3
61,700,958,2,958,3
62,404,958,2,958,3
63,199,958,2,958,3
65,346,958,2,958,3
67,481,958,2,958,3
67,931,958,2,958,3
68,106,958,2,958,3
68,313,958,2,958,3
68,540,958,2,958,3
68,682,958,2,958,3
68,880,958,2,958,3
68,994,958,2,958,3
69,219,958,2,958,3
69,681,958,2,958,3
69,841,958,2,958,3
70,014,958,2,958,3
70,225,958,2,958,3
70,459,958,2,958,3
70,620,958,2,958,3
70,810,958,2,958,3
70,979,958,2,958,3
71,154,958,2,958,3
71,561,958,2,958,3
71,911,958,2,958,3
72,261,958,2,958,3
72,585,958,2,958,3
72,716,958,2,958,3
72,928,958,2,958,3
73,132,958,2,958,3
73,289,958,2,958,3
73,423,958,2,958,3
73,635,958,2,958,3
73,767,958,2,958,3
73,892,958,2,958,3
74,006,958,2,958,3
74,143,958,2,958,3
74,306,958,2,958,3
74,477,958,2,958,3
74,817,958,2,958,3
74,959,958,2,958,3
75,115,958,2,958,3
75,307,958,2,958,3
75,456,958,2,958,3
75,910,958,2,958,3
76,170,958,2,958,3
76,350,958,2,958,3
76,525,958,2,958,3
76,737,958,2,958,3
77,045,958,2,958,3
77,265,958,2,958,3
77,665,958,2,958,3
77,925,958,2,958,3
78,253,958,2,958,3
78,382,958,2,958,3
78,670,958,2,958,3
79,746,958,2,958,3
80,338,958,2,958,3
80,648,958,2,958,3
81,075,958,2,958,3
81,384,958,2,958,3
81,515,958,2,958,3
81,646,958,2,958,3
81,740,958,2,958,3
81,829,958,2,958,3
81,981,958,2,958,3
82,159,958,2,958,3
82,332,958,2,958,3
82,747,958,2,958,3
82,934,958,2,958,3
83,107,958,2,958,3
83,499,958,2,958,3
83,846,955,6,958,3
84,194,955,6,958,3
84,605,955,6,958,3
85,015,955,6,958,3
85,337,955,6,958,3
85,537,955,6,958,3
86,017,955,6,958,3
86,249,955,6,958,3
86,515,955,6,958,3
86,747,955,6,958,3
86,924,955,6,958,3
87,213,955,6,958,3
87,726,955,6,958,3
87,885,955,6,958,3
88,010,955,6,958,3
88,108,955,6,958,3
88,310,955,6,958,3
88,487,955,6,958,3
88,650,955,6,958,3
88,764,953,7,958,3
88,966,965,6,965,6
89,104,973,6,986,8
89,285,966,4,986,8
89,398,1070,7,1070,7
89,566,1096,0,1096,0
89,739,1135,5,1135,5
89,881,1156,0,1156,0
90,139,1156,0,1156,0
90,355,1156,0,1156,0
90,613,1156,0,1156,0
90,855,1156,0,1156,0
91,004,1156,0,1156,0
91,138,1156,0,1156,0
91,307,1156,0,1156,0
91,574,1156,0,1156,0
92,177,1156,0,1156,0
92,695,1156,0,1156,0
92,819,1156,0,1156,0
92,953,1156,0,1156,0
93,118,1156,0,1156,0
93,366,1156,0,1156,0
93,500,1156,0,1156,0
93,583,1156,0,1156,0
94,200,1156,0,1156,0
94,603,1156,0,1156,0
95,017,1156,0,1156,0
96,682,1156,0,1156,0
101,447,1156,0,1156,0
103,074,1156,0,1156,0
103,868,1156,0,1156,0
104,568,1156,0,1156,0
104,975,1156,0,1156,0
105,677,1156,0,1156,0
105,998,1156,0,1156,0
106,443,1156,0,1156,0
106,772,1156,0,1156,0
107,126,1156,0,1156,0
107,456,1156,1,1156,1
107,645,1156,1,1156,1
107,795,1156,1,1156,1
107,912,1156,1,1156,1
108,017,1156,1,1156,1
108,155,1156,1,1156,1
108,293,1156,1,1156,1
108,418,1156,1,1156,1
108,525,1156,1,1156,1
108,647,1156,1,1156,1
108,775,1156,1,1156,1
108,914,1156,1,1156,1
109,033,1156,1,1156,1
109,164,1156,1,1156,1
109,244,1156,1,1156,1
109,330,1156,1,1156,1
109,394,1156,1,1156,1
109,451,1156,1,1156,1
109,518,1156,1,1156,1
109,604,1156,1,1156,1
109,700,1156,1,1156,1
109,762,1156,1,1156,1
109,827,1156,1,1156,1
109,902,1156,1,1156,1
109,978,1156,1,1156,1
110,036,1156,1,1156,1
110,109,1156,1,1156,1
110,166,1156,1,1156,1
110,231,1156,1,1156,1
110,310,1156,1,1156,1
110,382,1156,1,1156,1
110,446,1156,1,1156,1
110,509,1156,1,1156,1
110,576,1156,1,1156,1
110,649,1156,1,1156,1
110,962,1156,1,1156,1
111,023,1156,1,1156,1
111,101,1156,1,1156,1
111,162,1156,1,1156,1
111,235,1156,1,1156,1
111,305,1156,1,1156,1
111,386,1156,1,1156,1
111,444,1156,1,1156,1
111,508,1156,1,1156,1
111,572,1156,1,1156,1
111,651,1156,1,1156,1
111,723,1156,1,1156,1
111,788,1156,1,1156,1
111,851,1156,1,1156,1
111,915,1156,1,1156,1
111,990,1156,1,1156,1
112,047,1156,1,1156,1
112,115,1156,1,1156,1
112,179,1156,1,1156,1
112,253,1156,1,1156,1
112,317,1156,1,1156,1
112,381,1156,1,1156,1
112,461,1156,1,1156,1
112,522,1156,1,1156,1
112,607,1156,1,1156,1
112,678,1156,1,1156,1
112,742,1156,1,1156,1
112,817,1156,1,1156,1
112,883,1156,1,1156,1
112,943,1156,1,1156,1
113,009,1156,1,1156,1
113,084,1156,1,1156,1
113,157,1156,1,1156,1
113,232,1156,1,1156,1
113,320,1156,1,1156,1
113,399,1156,1,1156,1
113,474,1156,1,1156,1
113,554,1156,1,1156,1
113,629,1156,1,1156,1
113,717,1156,1,1156,1
114,097,1156,1,1156,1
114,176,1156,1,1156,1
114,241,1156,1,1156,1
114,301,1156,1,1156,1
114,367,1156,1,1156,1
114,445,1156,1,1156,1
114,538,1156,1,1156,1
114,614,1156,1,1156,1
114,694,1156,1,1156,1
114,770,1156,1,1156,1
114,873,1156,1,1156,1
114,987,1156,1,1156,1
115,072,1156,1,1156,1
115,177,1156,1,1156,1
115,284,1156,1,1156,1
115,412,1156,1,1156,1
115,515,1156,1,1156,1
115,605,1156,1,1156,1
115,749,1156,1,1156,1
116,015,1156,1,1156,1
116,107,1156,1,1156,1
116,211,1156,1,1156,1
116,352,1156,1,1156,1
116,434,1156,1,1156,1
116,538,1156,1,1156,1
116,625,1156,1,1156,1
116,745,1156,1,1156,1
116,832,1156,1,1156,1
116,934,1156,1,1156,1
117,021,1156,1,1156,1
117,113,1156,1,1156,1
117,195,1156,1,1156,1
117,291,1156,1,1156,1
117,357,1156,1,1156,1
117,490,1156,1,1156,1
117,609,1156,1,1156,1
117,689,1156,1,1156,1
117,778,1156,1,1156,1
117,847,1156,1,1156,1
117,923,1156,1,1156,1
118,269,1156,1,1156,1
118,372,1156,1,1156,1
118,468,1156,1,1156,1
118,559,1156,1,1156,1
118,677,1156,1,1156,1
118,813,1156,1,1156,1
118,903,1153,1,1156,1
119,008,1153,1,1156,1
119,165,1153,1,1156,1
119,326,1153,1,1156,1
119,469,1153,1,1156,1
119,641,1153,1,1156,1
119,793,1153,1,1156,1
120,025,1153,1,1156,1
120,178,1153,1,1156,1
120,364,1153,1,1156,1
120,482,1153,1,1156,1
120,671,1153,1,1156,1
120,887,1153,1,1156,1
121,026,1153,1,1156,1
121,186,1153,1,1156,1
121,324,1153,1,1156,1
121,460,1152,5,1156,1
121,578,1169,6,1169,6
121,726,1171,1,1184,4
121,848,1156,1,1184,4
121,946,1156,1,1184,4
122,071,1156,1,1184,4
122,189,1156,1,1184,4
122,308,1156,1,1184,4
122,424,1156,1,1184,4
122,540,1156,1,1184,4
122,634,1156,1,1184,4
122,743,1156,1,1184,4
122,857,1156,1,1184,4
122,976,1156,1,1184,4
123,086,1156,1,1184,4
123,197,1156,1,1184,4
123,301,1156,1,1184,4
123,396,1156,1,1184,4
123,737,1156,1,1184,4
123,810,1156,1,1184,4
123,883,1156,1,1184,4
123,945,1156,1,1184,4
124,012,1156,1,1184,4
124,074,1156,1,1184,4
124,135,1156,1,1184,4
124,197,1156,1,1184,4
124,273,1156,1,1184,4
124,336,1156,1,1184,4
124,401,1156,1,1184,4
124,462,1156,1,1184,4
124,544,1156,1,1184,4
124,617,1156,1,1184,4
124,731,1156,1,1184,4
124,990,1156,1,1184,4
125,160,1156,1,1184,4
125,447,1156,1,1184,4
125,795,1156,1,1184,4
125,970,1156,1,1184,4
126,227,1156,1,1184,4
126,613,1156,1,1184,4
126,992,1156,1,1184,4
127,480,1156,1,1184,4
127,837,1156,1,1184,4
128,297,1156,1,1184,4
128,592,1156,1,1184,4
128,931,1156,1,1184,4
129,834,1156,1,1184,4
130,109,1156,1,1184,4
130,622,1156,1,1184,4
130,887,1156,1,1184,4
131,121,1156,1,1184,4
131,403,1156,1,1184,4
131,544,1156,1,1184,4
132,014,1156,1,1184,4
132,668,1156,1,1184,4
133,027,1156,1,1184,4
133,421,1156,1,1184,4
133,814,1156,1,1184,4
134,512,1156,1,1184,4
134,746,1156,1,1184,4
135,303,1156,1,1184,4
135,491,1156,1,1184,4
135,719,1156,1,1184,4
135,959,1156,1,1184,4
136,127,1156,1,1184,4
136,318,1156,1,1184,4
136,485,1156,1,1184,4
136,666,1156,1,1184,4
136,809,1156,1,1184,4
136,934,1156,1,1184,4
137,056,1156,1,1184,4
137,134,1156,1,1184,4
137,211,1156,1,1184,4
137,287,1156,1,1184,4
137,369,1156,1,1184,4
137,443,1156,1,1184,4
137,533,1156,1,1184,4
137,620,1156,1,1184,4
137,709,1156,1,1184,4
137,785,1156,1,1184,4
137,846,1156,1,1184,4
137,926,1156,1,1184,4
137,997,1156,1,1184,4
138,087,1156,1,1184,4
138,179,1156,1,1184,4
138,271,1156,1,1184,4
138,348,1156,1,1184,4
138,426,1156,1,1184,4
138,503,1156,1,1184,4
138,560,1156,1,1184,4
138,647,1156,1,1184,4
138,748,1156,1,1184,4
138,833,1156,1,1184,4
138,910,1156,1,1184,4
138,974,1156,1,1184,4
139,050,1156,1,1184,4
139,126,1156,1,1184,4
139,205,1156,1,1184,4
139,516,1156,1,1184,4
139,611,1156,1,1184,4
139,690,1156,1,1184,4
139,764,1156,1,1184,4
139,845,1156,1,1184,4
139,920,1156,1,1184,4
140,018,1156,1,1184,4
140,094,1156,1,1184,4
140,177,1156,1,1184,4
140,266,1156,1,1184,4
140,341,1156,1,1184,4
140,414,1156,1,1184,4
140,493,1156,1,1184,4
140,572,1156,1,1184,4
140,664,1156,1,1184,4
140,761,1156,1,1184,4
140,850,1156,1,1184,4
140,928,1156,1,1184,4
141,012,1156,1,1184,4
141,105,1156,1,1184,4
141,180,1156,1,1184,4
141,259,1156,1,1184,4
141,341,1156,1,1184,4
141,431,1156,1,1184,4
141,507,1156,1,1184,4
141,594,1156,1,1184,4
141,699,1156,1,1184,4
141,794,1156,1,1184,4
141,885,1156,1,1184,4
141,975,1156,1,1184,4
142,069,1156,1,1184,4
142,151,1156,1,1184,4
142,241,1156,1,1184,4
142,336,1156,1,1184,4
142,408,1156,1,1184,4
142,490,1156,1,1184,4
142,583,1156,1,1184,4
142,664,1156,1,1184,4
142,740,1156,1,1184,4
142,817,1156,1,1184,4
143,150,1156,1,1184,4
143,233,1156,1,1184,4
143,320,1156,1,1184,4
143,396,1156,1,1184,4
143,456,1156,1,1184,4
143,532,1156,1,1184,4
143,599,1156,1,1184,4
143,680,1156,1,1184,4
143,793,1156,1,1184,4
143,883,1156,1,1184,4
143,971,1156,1,1184,4
144,051,1156,1,1184,4
144,111,1156,1,1184,4
144,187,1156,1,1184,4
144,271,1156,1,1184,4
144,363,1156,1,1184,4
144,449,1156,1,1184,4
144,525,1156,1,1184,4
144,609,1156,1,1184,4
144,720,1156,1,1184,4
144,813,1156,1,1184,4
144,920,1156,1,1184,4
145,014,1156,1,1184,4
145,137,1156,1,1184,4
145,216,1156,1,1184,4
145,330,1153,2,1184,4
145,475,1153,2,1184,4
145,613,1153,2,1184,4
145,724,1153,2,1184,4
145,867,1153,2,1184,4
145,981,1153,2,1184,4
146,113,1153,2,1184,4
146,216,1153,2,1184,4
146,326,1153,2,1184,4
146,460,1153,2,1184,4
146,574,1153,2,1184,4
146,722,1153,2,1184,4
146,824,1153,2,1184,4
146,962,1153,2,1184,4
147,069,1153,2,1184,4
147,474,1174,0,1184,4
147,588,1171,1,1184,4
147,684,1156,1,1184,4
147,795,1156,1,1184,4
147,977,1156,1,1184,4
148,096,1156,1,1184,4
148,236,1156,1,1184,4
148,336,1156,1,1184,4
148,578,1156,1,1184,4
148,710,1156,1,1184,4
148,829,1156,1,1184,4
148,976,1156,1,1184,4
149,085,1156,1,1184,4
149,178,1156,1,1184,4
149,294,1156,1,1184,4
149,420,1156,1,1184,4
149,518,1156,1,1184,4
149,633,1156,1,1184,4
149,711,1156,1,1184,4
149,803,1156,1,1184,4
149,871,1156,1,1184,4
149,954,1156,1,1184,4
150,034,1156,1,1184,4
150,137,1156,1,1184,4
150,256,1156,1,1184,4
150,361,1156,1,1184,4
150,450,1156,1,1184,4
150,524,1156,1,1184,4
150,616,1156,1,1184,4
150,707,1156,1,1184,4
150,768,1156,1,1184,4
150,831,1156,1,1184,4
150,892,1156,1,1184,4
150,955,1156,1,1184,4
151,016,1156,1,1184,4
151,080,1156,1,1184,4
151,140,1156,1,1184,4
151,202,1156,1,1184,4
151,266,1156,1,1184,4
151,329,1156,1,1184,4
151,655,1156,1,1184,4
151,717,1156,1,1184,4
151,778,1156,1,1184,4
151,844,1156,1,1184,4
152,018,1156,1,1184,4
152,154,1156,1,1184,4
152,278,1156,1,1184,4
152,395,1156,1,1184,4
152,576,1156,1,1184,4
152,759,1156,1,1184,4
152,929,1156,1,1184,4
153,091,1156,1,1184,4
153,310,1156,1,1184,4
153,537,1156,1,1184,4
153,742,1156,1,1184,4
153,899,1156,1,1184,4
154,051,1156,1,1184,4
154,286,1156,1,1184,4
154,562,1156,1,1184,4
154,934,1156,1,1184,4
155,424,1156,1,1184,4
155,779,1156,1,1184,4
156,288,1156,1,1184,4
156,643,1156,1,1184,4
157,309,1156,1,1184,4
157,623,1156,1,1184,4
157,969,1156,1,1184,4
158,200,1156,1,1184,4
158,528,1156,1,1184,4
158,952,1156,1,1184,4
159,625,1156,1,1184,4
160,460,1156,1,1184,4
161,306,1156,1,1184,4
161,815,1156,1,1184,4
162,241,1156,1,1184,4
162,637,1156,1,1184,4
163,036,1156,1,1184,4
163,483,1156,1,1184,4
163,737,1156,1,1184,4
163,962,1156,1,1184,4
164,447,1156,1,1184,4
164,798,1156,1,1184,4
165,137,1156,1,1184,4
165,222,1156,1,1184,4
165,419,1156,1,1184,4
165,539,1156,1,1184,4
165,669,1156,1,1184,4
165,825,1156,1,1184,4
165,948,1156,1,1184,4
166,076,1156,1,1184,4
166,184,1156,1,1184,4
166,304,1156,1,1184,4
166,462,1156,1,1184,4
166,630,1156,1,1184,4
166,766,1156,1,1184,4
166,896,1156,1,1184,4
166,999,1156,1,1184,4
167,112,1156,1,1184,4
167,232,1156,1,1184,4
167,389,1156,1,1184,4
167,506,1156,1,1184,4
167,614,1156,1,1184,4
167,705,1156,1,1184,4
167,803,1156,1,1184,4
167,892,1156,1,1184,4
168,004,1156,1,1184,4
168,078,1156,1,1184,4
168,169,1156,1,1184,4
168,248,1156,1,1184,4
168,357,1156,1,1184,4
168,457,1156,1,1184,4
168,550,1156,1,1184,4
168,650,1156,1,1184,4
168,754,1156,1,1184,4
168,859,1156,1,1184,4
168,938,1156,1,1184,4
169,016,1156,1,1184,4
169,093,1156,1,1184,4
169,191,1156,1,1184,4
169,313,1156,1,1184,4
169,725,1156,1,1184,4
169,799,1156,1,1184,4
169,860,1156,1,1184,4
169,947,1156,1,1184,4
170,015,1156,1,1184,4
170,093,1156,1,1184,4
170,156,1156,1,1184,4
170,216,1156,1,1184,4
170,309,1156,1,1184,4
170,374,1156,1,1184,4
170,453,1156,1,1184,4
170,527,1156,1,1184,4
170,597,1156,1,1184,4
170,668,1156,1,1184,4
170,752,1156,1,1184,4
170,826,1156,1,1184,4
170,901,1156,1,1184,4
170,980,1156,1,1184,4
171,059,1156,1,1184,4
171,165,1156,1,1184,4
171,248,1156,1,1184,4
171,324,1156,1,1184,4
171,404,1156,1,1184,4
171,478,1156,1,1184,4
171,558,1156,1,1184,4
171,635,1156,1,1184,4
171,699,1156,1,1184,4
171,775,1156,1,1184,4
171,834,1156,1,1184,4
171,901,1156,1,1184,4
171,963,1156,1,1184,4
172,026,1156,1,1184,4
172,087,1156,1,1184,4
172,150,1156,1,1184,4
172,215,1156,1,1184,4
172,290,1156,1,1184,4
172,366,1156,1,1184,4
172,431,1156,1,1184,4
172,516,1153,2,1184,4
172,638,1153,2,1184,4
173,006,1153,2,1184,4
173,088,1153,2,1184,4
173,186,1153,2,1184,4
173,281,1153,2,1184,4
173,372,1153,2,1184,4
173,461,1153,2,1184,4
173,549,1153,2,1184,4
173,649,1164,4,1184,4
173,742,1175,3,1184,4
173,835,1171,2,1184,4
173,892,1156,1,1184,4
173,997,1156,1,1184,4
174,085,1156,1,1184,4
174,212,1156,1,1184,4
174,298,1156,1,1184,4
174,415,1156,1,1184,4
174,515,1156,1,1184,4
174,601,1156,1,1184,4
174,703,1156,1,1184,4
174,840,1156,1,1184,4
174,931,1156,1,1184,4
175,038,1156,1,1184,4
175,150,1156,1,1184,4
175,268,1156,1,1184,4
175,362,1156,1,1184,4
175,488,1156,1,1184,4
175,559,1156,1,1184,4
175,670,1156,1,1184,4
175,742,1156,1,1184,4
175,818,1156,1,1184,4
175,905,1156,1,1184,4
175,983,1156,1,1184,4
176,076,1156,1,1184,4
176,165,1156,1,1184,4
176,226,1156,1,1184,4
176,287,1156,1,1184,4
176,350,1156,1,1184,4
176,415,1156,1,1184,4
176,490,1156,1,1184,4
176,556,1156,1,1184,4
176,859,1156,1,1184,4
176,924,1156,1,1184,4
176,986,1156,1,1184,4
177,052,1156,1,1184,4
177,113,1156,1,1184,4
177,178,1156,1,1184,4
177,256,1156,1,1184,4
177,342,1156,1,1184,4
177,403,1156,1,1184,4
177,456,1156,1,1184,4
177,519,1156,1,1184,4
177,595,1156,1,1184,4
177,659,1156,1,1184,4
177,720,1156,1,1184,4
177,793,1156,1,1184,4
177,860,1156,1,1184,4
177,936,1156,1,1184,4
178,002,1156,1,1184,4
178,063,1156,1,1184,4
178,121,1156,1,1184,4
178,199,1156,1,1184,4
178,282,1156,1,1184,4
178,348,1156,1,1184,4
178,411,1156,1,1184,4
178,487,1156,1,1184,4
178,549,1156,1,1184,4
178,614,1156,1,1184,4
178,680,1156,1,1184,4
178,749,1156,1,1184,4
178,860,1156,1,1184,4
179,017,1156,1,1184,4
179,138,1156,1,1184,4
179,266,1156,1,1184,4
179,343,1156,1,1184,4
179,417,1156,1,1184,4
179,487,1156,1,1184,4
179,544,1156,1,1184,4
179,608,1156,1,1184,4
179,682,1156,1,1184,4
179,761,1156,1,1184,4
180,071,1156,1,1184,4
180,137,1156,1,1184,4
180,191,1156,1,1184,4
180,274,1156,1,1184,4
180,334,1156,1,1184,4
180,397,1156,1,1184,4
180,463,1156,1,1184,4
180,522,1156,1,1184,4
180,600,1156,1,1184,4
180,676,1156,1,1184,4
180,739,1156,1,1184,4
180,819,1156,1,1184,4
180,892,1156,1,1184,4
180,957,1156,1,1184,4
181,073,1156,1,1184,4
181,193,1156,1,1184,4
181,261,1156,1,1184,4
181,346,1156,1,1184,4
181,443,1156,1,1184,4
181,527,1156,1,1184,4
181,634,1156,1,1184,4
181,736,1156,1,1184,4
181,859,1156,1,1184,4
181,985,1156,1,1184,4
182,125,1156,1,1184,4
182,221,1156,1,1184,4
182,340,1156,1,1184,4
182,442,1156,1,1184,4
182,535,1156,1,1184,4
182,634,1156,1,1184,4
182,759,1156,1,1184,4
182,844,1156,1,1184,4
182,965,1156,1,1184,4
183,091,1156,1,1184,4
183,246,1156,1,1184,4
183,354,1156,1,1184,4
183,450,1156,1,1184,4
183,576,1156,1,1184,4
183,707,1156,1,1184,4
183,811,1156,1,1184,4
184,149,1156,1,1184,4
184,246,1156,1,1184,4
184,388,1156,1,1184,4
184,500,1156,1,1184,4
184,617,1156,1,1184,4
184,721,1156,1,1184,4
184,797,1156,1,1184,4
184,881,1156,1,1184,4
184,942,1156,1,1184,4
185,062,1156,1,1184,4
185,146,1156,1,1184,4
185,239,1156,1,1184,4
185,343,1156,1,1184,4
185,425,1156,1,1184,4
185,502,1156,1,1184,4
185,582,1156,1,1184,4
185,688,1156,1,1184,4
185,784,1156,1,1184,4
185,895,1156,1,1184,4
185,979,1156,1,1184,4
186,064,1156,1,1184,4
186,138,1156,1,1184,4
186,240,1156,1,1184,4
186,331,1156,1,1184,4
186,468,1156,1,1184,4
186,545,1156,1,1184,4
186,644,1156,1,1184,4
186,752,1156,1,1184,4
186,855,1156,1,1184,4
186,995,1156,1,1184,4
187,111,1156,1,1184,4
187,211,1156,1,1184,4
187,334,1156,1,1184,4
187,448,1156,1,1184,4
187,556,1156,1,1184,4
187,676,1153,2,1184,4
187,836,1153,2,1184,4
187,975,1153,2,1184,4
188,163,1153,2,1184,4
188,280,1153,2,1184,4
188,708,1153,2,1184,4
188,896,1153,2,1184,4
189,128,1153,2,1184,4
189,357,1153,2,1184,4
189,586,1153,2,1184,4
189,680,1153,2,1184,4
189,762,1153,2,1184,4
189,894,1153,2,1184,4
190,006,1153,2,1184,4
190,125,1154,5,1184,4
190,206,1166,8,1184,4
190,289,1183,7,1184,4
190,405,1171,2,1184,4
190,501,1156,2,1184,4
190,609,1156,2,1184,4
190,688,1156,2,1184,4
190,801,1156,2,1184,4
190,909,1156,2,1184,4
191,023,1156,2,1184,4
191,160,1156,2,1184,4
191,302,1156,2,1184,4
191,492,1156,2,1184,4
191,655,1156,2,1184,4
191,841,1156,2,1184,4
192,007,1156,2,1184,4
192,164,1156,2,1184,4
192,327,1156,2,1184,4
192,502,1156,2,1184,4
192,693,1156,2,1184,4
192,866,1156,2,1184,4
193,139,1156,2,1184,4
193,298,1156,2,1184,4
193,463,1156,2,1184,4
193,550,1156,2,1184,4
193,678,1156,2,1184,4
193,800,1156,2,1184,4
193,918,1156,2,1184,4
194,076,1156,2,1184,4
194,159,1156,2,1184,4
194,264,1156,2,1184,4
194,602,1156,2,1184,4
194,669,1156,2,1184,4
194,734,1156,2,1184,4
194,810,1156,2,1184,4
194,876,1156,2,1184,4
194,934,1156,2,1184,4
194,999,1156,2,1184,4
195,074,1156,2,1184,4
195,138,1156,2,1184,4
195,201,1156,2,1184,4
195,278,1156,2,1184,4
195,361,1156,2,1184,4
195,434,1156,2,1184,4
195,491,1156,2,1184,4
195,560,1156,2,1184,4
195,624,1156,2,1184,4
195,699,1156,2,1184,4
195,774,1156,2,1184,4
195,840,1156,2,1184,4
195,918,1156,2,1184,4
196,013,1156,2,1184,4
196,093,1156,2,1184,4
196,169,1156,2,1184,4
196,241,1156,2,1184,4
196,325,1156,2,1184,4
196,387,1156,2,1184,4
196,471,1156,2,1184,4
196,562,1156,2,1184,4
196,639,1156,2,1184,4
196,713,1156,2,1184,4
196,775,1156,2,1184,4
196,852,1156,2,1184,4
196,935,1156,2,1184,4
197,007,1156,2,1184,4
197,071,1156,2,1184,4
197,134,1156,2,1184,4
197,214,1156,2,1184,4
197,326,1156,2,1184,4
197,412,1156,2,1184,4
197,492,1156,2,1184,4
197,817,1156,2,1184,4
197,895,1156,2,1184,4
197,960,1156,2,1184,4
198,046,1156,2,1184,4
198,257,1156,2,1184,4
198,372,1156,2,1184,4
198,561,1156,2,1184,4
198,774,1156,2,1184,4
198,971,1156,2,1184,4
199,175,1156,2,1184,4
199,321,1156,2,1184,4
199,483,1156,2,1184,4
199,744,1156,2,1184,4
200,040,1156,2,1184,4
200,941,1156,2,1184,4
201,787,1156,2,1184,4
202,732,1156,2,1184,4
202,929,1156,2,1184,4
203,088,1156,2,1184,4
203,255,1156,2,1184,4
203,403,1156,2,1184,4
203,548,1156,2,1184,4
203,738,1156,2,1184,4
203,970,1156,2,1184,4
204,129,1156,2,1184,4
204,240,1156,2,1184,4
204,371,1156,2,1184,4
204,488,1156,2,1184,4
204,676,1156,2,1184,4
204,828,1156,2,1184,4
204,972,1156,2,1184,4
205,084,1156,2,1184,4
205,200,1156,2,1184,4
205,335,1156,2,1184,4
205,458,1156,2,1184,4
205,601,1156,2,1184,4
205,713,1156,2,1184,4
205,849,1156,2,1184,4
206,009,1156,2,1184,4
206,164,1156,2,1184,4
206,730,1156,2,1184,4
207,136,1156,2,1184,4
207,412,1156,2,1184,4
207,585,1156,2,1184,4
207,767,1156,2,1184,4
207,973,1156,2,1184,4
208,194,1156,2,1184,4
208,462,1156,2,1184,4
208,730,1156,2,1184,4
208,905,1156,2,1184,4
209,241,1156,2,1184,4
209,451,1156,2,1184,4
209,821,1156,1,1184,4
210,197,1156,1,1184,4
213,131,1156,1,1184,4
213,868,1156,1,1184,4
214,159,1156,1,1184,4
214,647,1156,1,1184,4
215,043,1156,1,1184,4
215,525,1156,1,1184,4
216,025,1156,1,1184,4
216,294,1156,1,1184,4
217,029,1156,1,1184,4
221,267,1156,1,1184,4
221,529,1156,1,1184,4
221,862,1156,1,1184,4
222,627,1156,1,1184,4
223,092,1156,1,1184,4
223,381,1156,1,1184,4
223,742,1156,1,1184,4
223,967,1156,1,1184,4
224,167,1156,1,1184,4
228,420,1156,1,1184,4
229,456,1030,0,1184,4
230,385,1033,9,1184,4
230,712,1035,9,1184,4
230,952,1036,0,1184,4
231,166,1036,0,1184,4
231,434,1036,0,1184,4
231,763,1036,0,1184,4
232,241,1040,4,1184,4
232,432,1040,4,1184,4
232,713,1040,4,1184,4
232,903,1040,4,1184,4
233,133,1040,4,1184,4
233,471,1040,4,1184,4
233,681,1040,5,1184,4
233,952,1040,5,1184,4
234,148,1040,5,1184,4
234,342,1040,5,1184,4
234,624,1040,6,1184,4
234,767,1040,6,1184,4
234,981,1040,6,1184,4
235,098,1040,6,1184,4
235,186,1040,6,1184,4
235,310,1040,6,1184,4
235,431,1040,6,1184,4
235,533,1040,7,1184,4
235,658,1040,7,1184,4
235,765,1040,7,1184,4
235,869,1040,7,1184,4
235,960,1040,7,1184,4
236,056,1040,8,1184,4
236,134,1040,8,1184,4
236,213,1040,8,1184,4
236,290,1040,8,1184,4
236,383,1040,8,1184,4
236,472,1041,9,1184,4
236,577,1042,7,1184,4
236,666,1044,8,1184,4
236,758,1047,6,1184,4
236,827,1048,4,1184,4
236,935,1048,4,1184,4
237,096,1048,4,1184,4
237,223,1048,5,1184,4
237,359,1048,5,1184,4
237,480,1048,5,1184,4
237,615,1048,5,1184,4
237,786,1048,5,1184,4
237,946,1048,6,1184,4
238,422,1048,6,1184,4
238,559,1048,6,1184,4
238,698,1048,6,1184,4
238,824,1048,6,1184,4
238,946,1048,6,1184,4
239,095,1048,6,1184,4
239,239,1046,8,1184,4
239,404,1067,7,1184,4
239,575,1067,1,1184,4
239,680,1069,1,1184,4
239,766,1052,2,1184,4
239,925,1052,2,1184,4
240,064,1052,2,1184,4
240,180,1052,2,1184,4
240,369,1052,2,1184,4
240,538,1052,2,1184,4
240,688,1052,2,1184,4
240,804,1052,3,1184,4
240,901,1052,3,1184,4
241,067,1052,3,1184,4
241,202,1052,3,1184,4
241,343,1052,3,1184,4
241,575,1056,2,1184,4
241,726,1056,3,1184,4
241,843,1056,3,1184,4
241,988,1059,3,1184,4
242,082,1059,3,1184,4
242,177,1059,4,1184,4
242,240,1059,4,1184,4
242,300,1060,2,1184,4
242,383,1063,6,1184,4
242,517,1063,6,1184,4
242,659,1063,6,1184,4
242,817,1063,6,1184,4
242,981,1063,6,1184,4
243,196,1063,6,1184,4
243,371,1063,6,1184,4
243,667,1063,6,1184,4
243,972,1063,6,1184,4
244,369,1063,6,1184,4
244,770,1063,7,1184,4
244,961,1063,7,1184,4
245,137,1063,7,1184,4
245,366,1063,7,1184,4
245,675,1063,7,1184,4
245,866,1063,7,1184,4
246,169,1063,7,1184,4
246,349,1063,7,1184,4
246,610,1063,7,1184,4
246,898,1063,7,1184,4
247,293,1063,7,1184,4
247,914,1063,7,1184,4
248,811,1063,7,1184,4
249,401,1063,7,1184,4
250,789,1063,7,1184,4
251,237,1063,7,1184,4
251,701,1063,8,1184,4
252,676,1063,8,1184,4
253,200,1063,8,1184,4
253,598,1063,8,1184,4
253,806,1063,8,1184,4
254,305,1063,8,1184,4
254,934,1067,8,1184,4
255,587,1067,8,1184,4
256,423,1067,8,1184,4
256,763,1067,8,1184,4
256,961,1067,8,1184,4
257,108,1067,8,1184,4
257,321,1067,8,1184,4
257,486,1067,8,1184,4
257,705,1067,8,1184,4
257,935,1067,8,1184,4
258,074,1067,8,1184,4
258,191,1067,8,1184,4
258,382,1067,9,1184,4
258,615,1067,9,1184,4
258,759,1067,9,1184,4
258,887,1067,9,1184,4
259,023,1067,9,1184,4
259,153,1067,9,1184,4
259,561,1067,9,1184,4
259,702,1067,9,1184,4
259,814,1067,9,1184,4
259,908,1067,9,1184,4
260,002,1067,9,1184,4
260,089,1067,9,1184,4
260,187,1067,9,1184,4
260,286,1067,9,1184,4
260,392,1067,9,1184,4
260,463,1067,9,1184,4
260,542,1067,9,1184,4
260,623,1067,9,1184,4
260,706,1067,9,1184,4
260,792,1067,9,1184,4
260,875,1067,9,1184,4
260,952,1071,9,1184,4
261,072,1071,9,1184,4
261,165,1072,0,1184,4
261,257,1072,0,1184,4
261,358,1072,0,1184,4
261,434,1072,0,1184,4
261,513,1073,4,1184,4
261,607,1076,0,1184,4
261,704,1076,1,1184,4
261,841,1076,1,1184,4
261,969,1076,1,1184,4
262,094,1076,1,1184,4
262,243,1076,1,1184,4
262,411,1076,1,1184,4
262,547,1076,2,1184,4
262,697,1076,2,1184,4
262,841,1076,2,1184,4
262,987,1076,2,1184,4
263,143,1076,2,1184,4
263,317,1076,2,1184,4
263,482,1076,2,1184,4
263,603,1076,2,1184,4
263,747,1076,2,1184,4
263,897,1076,2,1184,4
264,098,1076,2,1184,4
264,660,1076,2,1184,4
265,622,1076,2,1184,4
266,107,1076,2,1184,4
266,555,1076,2,1184,4
266,641,1076,2,1184,4
266,758,1076,2,1184,4
266,875,1076,2,1184,4
266,970,1076,2,1184,4
267,101,1076,2,1184,4
267,173,1076,2,1184,4
267,273,1076,2,1184,4
267,458,1076,2,1184,4
267,601,1076,2,1184,4
267,741,1076,2,1184,4
267,829,1076,2,1184,4
267,928,1076,2,1184,4
268,109,1076,2,1184,4
268,255,1076,2,1184,4
268,470,1076,2,1184,4
268,657,1076,2,1184,4
268,789,1076,2,1184,4
268,903,1076,2,1184,4
269,070,1076,2,1184,4
269,215,1076,2,1184,4
269,384,1076,2,1184,4
269,511,1076,2,1184,4
269,610,1076,2,1184,4
269,784,1076,2,1184,4
269,934,1076,2,1184,4
270,133,1076,2,1184,4
270,308,1076,2,1184,4
270,481,1076,2,1184,4
270,642,1076,2,1184,4
270,774,1076,2,1184,4
270,885,1076,2,1184,4
271,110,1076,2,1184,4
271,269,1076,2,1184,4
271,427,1076,2,1184,4
271,611,1076,2,1184,4
271,868,1076,2,1184,4
272,335,1076,2,1184,4
272,486,1076,2,1184,4
272,667,1076,2,1184,4
272,829,1076,2,1184,4
272,969,1076,2,1184,4
273,184,1076,2,1184,4
273,436,1076,2,1184,4
273,864,1076,2,1184,4
274,050,1076,2,1184,4
274,273,1076,2,1184,4
274,492,1076,2,1184,4
274,638,1076,2,1184,4
274,771,1076,2,1184,4
274,919,1076,2,1184,4
275,123,1076,2,1184,4
275,265,1076,2,1184,4
275,418,1076,2,1184,4
275,537,1076,2,1184,4
275,653,1076,2,1184,4
275,770,1076,2,1184,4
275,852,1076,2,1184,4
275,984,1076,2,1184,4
276,105,1076,2,1184,4
276,263,1076,2,1184,4
276,367,1076,2,1184,4
276,459,1076,2,1184,4
276,555,1076,2,1184,4
276,644,1076,2,1184,4
276,724,1076,2,1184,4
276,812,1076,2,1184,4
276,891,1076,2,1184,4
276,954,1076,2,1184,4
277,009,1076,2,1184,4
277,083,1073,3,1184,4
277,182,1073,3,1184,4
277,289,1073,3,1184,4
277,411,1073,3,1184,4
277,539,1073,3,1184,4
277,692,1073,3,1184,4
277,833,1073,3,1184,4
278,183,1073,3,1184,4
278,294,1073,3,1184,4
278,418,1073,3,1184,4
278,540,1073,3,1184,4
278,652,1072,9,1184,4
278,779,1089,9,1184,4
279,143,1091,3,1184,4
279,463,1091,3,1184,4
279,762,1095,4,1184,4
280,356,1076,2,1184,4
280,909,1076,2,1184,4
282,184,1076,2,1184,4
282,998,1076,2,1184,4
283,722,1076,2,1184,4
284,170,1076,2,1184,4
284,596,1076,2,1184,4
284,902,1076,2,1184,4
285,200,1076,2,1184,4
285,474,1076,2,1184,4
285,995,1076,2,1184,4
288,289,1076,2,1184,4
289,700,1076,2,1184,4
290,076,1076,2,1184,4
290,318,1076,2,1184,4
290,510,1076,2,1184,4
290,802,1076,2,1184,4
291,168,1076,2,1184,4
291,730,1076,2,1184,4
292,023,1076,2,1184,4
292,247,1076,2,1184,4
292,425,1076,2,1184,4
292,563,1076,2,1184,4
292,653,1076,2,1184,4
292,747,1076,2,1184,4
292,835,1076,2,1184,4
292,927,1076,2,1184,4
293,019,1076,2,1184,4
293,103,1076,2,1184,4
293,192,1076,2,1184,4
293,278,1076,2,1184,4
293,611,1076,2,1184,4
293,696,1076,2,1184,4
293,774,1076,2,1184,4
293,853,1076,2,1184,4
293,947,1076,2,1184,4
294,025,1076,2,1184,4
294,115,1076,2,1184,4
294,194,1076,2,1184,4
294,259,1076,2,1184,4
294,351,1076,2,1184,4
294,429,1076,2,1184,4
294,513,1076,2,1184,4
294,600,1076,2,1184,4
294,677,1076,2,1184,4
294,757,1076,2,1184,4
294,834,1076,2,1184,4
294,912,1076,2,1184,4
295,005,1076,2,1184,4
295,061,1076,2,1184,4
295,130,1076,2,1184,4
295,200,1076,2,1184,4
295,308,1076,2,1184,4
295,394,1076,2,1184,4
295,519,1076,2,1184,4
295,600,1076,2,1184,4
295,689,1076,2,1184,4
295,769,1076,2,1184,4
295,846,1076,2,1184,4
295,925,1076,2,1184,4
296,007,1076,2,1184,4
296,091,1076,2,1184,4
296,162,1076,2,1184,4
296,255,1076,2,1184,4
296,362,1076,2,1184,4
296,440,1076,2,1184,4
296,520,1076,2,1184,4
296,609,1076,2,1184,4
296,703,1076,2,1184,4
296,784,1076,2,1184,4
296,849,1076,2,1184,4
297,190,1076,2,1184,4
297,253,1076,2,1184,4
297,317,1076,2,1184,4
297,395,1076,2,1184,4
297,486,1076,2,1184,4
297,593,1076,2,1184,4
297,675,1076,2,1184,4
297,749,1076,2,1184,4
297,844,1076,2,1184,4
297,935,1076,2,1184,4
298,016,1076,2,1184,4
298,092,1076,2,1184,4
298,168,1076,2,1184,4
298,235,1076,2,1184,4
298,314,1076,2,1184,4
298,399,1076,2,1184,4
298,503,1076,2,1184,4
298,578,1076,2,1184,4
298,675,1076,2,1184,4
298,765,1076,2,1184,4
298,978,1076,2,1184,4
299,177,1076,2,1184,4
299,293,1076,2,1184,4
299,441,1076,2,1184,4
299,595,1076,2,1184,4
299,748,1076,2,1184,4
299,875,1076,2,1184,4
299,969,1076,5,1184,4
300,090,1076,5,1184,4
300,259,1076,5,1184,4
300,371,1076,5,1184,4
300,506,1076,5,1184,4
300,629,1076,5,1184,4
300,751,1076,5,1184,4
300,864,1076,5,1184,4
300,980,1076,5,1184,4
301,094,1076,5,1184,4
301,182,1076,5,1184,4
301,311,1076,5,1184,4
301,427,1076,5,1184,4
301,759,1076,5,1184,4
301,850,1076,5,1184,4
301,912,1076,5,1184,4
301,992,1076,5,1184,4
302,071,1076,5,1184,4
302,143,1076,5,1184,4
302,217,1076,5,1184,4
302,302,1076,5,1184,4
302,365,1076,5,1184,4
302,453,1076,5,1184,4
302,516,1076,5,1184,4
302,593,1076,5,1184,4
302,668,1076,5,1184,4
302,766,1076,5,1184,4
302,845,1076,5,1184,4
302,906,1076,5,1184,4
302,983,1076,5,1184,4
303,063,1076,5,1184,4
303,139,1076,5,1184,4
303,212,1076,5,1184,4
303,284,1076,5,1184,4
303,387,1076,5,1184,4
303,469,1076,5,1184,4
303,533,1076,5,1184,4
303,608,1076,5,1184,4
303,686,1076,5,1184,4
303,752,1076,5,1184,4
303,841,1076,5,1184,4
303,903,1076,5,1184,4
303,962,1076,5,1184,4
304,039,1076,5,1184,4
304,106,1076,5,1184,4
304,164,1076,5,1184,4
304,229,1076,5,1184,4
304,304,1076,5,1184,4
304,367,1076,5,1184,4
304,429,1076,5,1184,4
304,493,1076,5,1184,4
304,572,1076,5,1184,4
304,636,1076,5,1184,4
304,935,1073,6,1184,4
305,042,1073,6,1184,4
305,127,1073,6,1184,4
305,261,1073,6,1184,4
305,357,1073,6,1184,4
305,445,1073,6,1184,4
305,546,1073,6,1184,4
305,653,1073,6,1184,4
305,779,1073,6,1184,4
306,123,1073,6,1184,4
306,430,1073,6,1184,4
306,829,1073,6,1184,4
307,260,1073,6,1184,4
307,461,1073,6,1184,4
307,947,1089,2,1184,4
308,455,1101,9,1184,4
308,886,1093,0,1184,4
309,580,1091,6,1184,4
310,169,1076,5,1184,4
310,528,1076,5,1184,4
311,033,1076,5,1184,4
311,482,1076,5,1184,4
311,730,1076,5,1184,4
311,981,1076,5,1184,4
312,269,1076,5,1184,4
312,717,1076,5,1184,4
313,268,1076,5,1184,4
313,976,1076,5,1184,4
314,887,1076,5,1184,4
315,455,1076,5,1184,4
316,432,1076,5,1184,4
317,523,1076,5,1184,4
317,805,1076,5,1184,4
317,964,1076,5,1184,4
318,179,1076,5,1184,4
318,319,1076,5,1184,4
318,431,1076,5,1184,4
318,566,1076,5,1184,4
318,726,1076,5,1184,4
318,872,1076,5,1184,4
319,281,1076,5,1184,4
319,403,1076,5,1184,4
319,635,1076,5,1184,4
319,736,1076,5,1184,4
319,822,1076,5,1184,4
319,931,1076,5,1184,4
320,056,1076,5,1184,4
320,168,1076,5,1184,4
320,257,1076,5,1184,4
320,357,1076,5,1184,4
320,479,1076,5,1184,4
320,572,1076,5,1184,4
320,677,1076,5,1184,4
320,756,1076,5,1184,4
320,852,1076,5,1184,4
320,993,1076,5,1184,4
321,121,1076,5,1184,4
321,312,1076,5,1184,4
321,412,1076,5,1184,4
321,517,1076,5,1184,4
321,634,1076,5,1184,4
321,755,1076,5,1184,4
321,830,1076,5,1184,4
321,952,1076,5,1184,4
322,052,1076,5,1184,4
322,180,1076,5,1184,4
322,330,1076,5,1184,4
322,427,1076,5,1184,4
322,531,1076,5,1184,4
322,659,1076,5,1184,4
322,856,1076,5,1184,4
323,305,1076,5,1184,4
323,710,1076,5,1184,4
323,814,1076,5,1184,4
323,906,1076,5,1184,4
323,984,1076,5,1184,4
324,066,1076,5,1184,4
324,138,1076,5,1184,4
324,222,1076,5,1184,4
324,300,1076,5,1184,4
324,630,1076,5,1184,4
324,707,1076,5,1184,4
324,780,1076,5,1184,4
324,858,1076,5,1184,4
324,936,1076,5,1184,4
325,002,1076,5,1184,4
325,079,1076,5,1184,4
325,156,1076,5,1184,4
325,240,1076,5,1184,4
325,317,1076,5,1184,4
325,389,1076,5,1184,4
325,467,1076,5,1184,4
325,541,1076,5,1184,4
325,624,1076,5,1184,4
325,690,1076,5,1184,4
325,778,1076,5,1184,4
325,853,1076,5,1184,4
325,929,1076,5,1184,4
326,007,1076,5,1184,4
326,082,1076,5,1184,4
326,141,1076,5,1184,4
326,209,1076,5,1184,4
326,306,1076,5,1184,4
326,381,1076,5,1184,4
326,456,1076,5,1184,4
326,548,1076,5,1184,4
326,617,1076,5,1184,4
326,715,1076,5,1184,4
326,883,1076,5,1184,4
326,986,1076,5,1184,4
327,063,1076,5,1184,4
327,163,1076,5,1184,4
327,274,1076,5,1184,4
327,376,1076,5,1184,4
327,485,1076,5,1184,4
327,563,1076,5,1184,4
327,663,1076,5,1184,4
327,733,1076,5,1184,4
327,829,1076,5,1184,4
327,942,1076,5,1184,4
328,312,1076,5,1184,4
328,404,1076,5,1184,4
328,514,1076,5,1184,4
328,618,1076,5,1184,4
328,694,1076,5,1184,4
328,751,1076,5,1184,4
328,820,1076,5,1184,4
328,897,1076,5,1184,4
328,994,1076,5,1184,4
329,070,1076,5,1184,4
329,165,1076,5,1184,4
329,259,1076,5,1184,4
329,351,1076,5,1184,4
329,445,1076,5,1184,4
329,539,1076,5,1184,4
329,665,1076,5,1184,4
329,790,1076,5,1184,4
329,884,1076,5,1184,4
330,005,1076,5,1184,4
330,081,1076,5,1184,4
330,189,1076,5,1184,4
330,291,1076,5,1184,4
330,404,1076,5,1184,4
330,516,1076,5,1184,4
330,599,1076,5,1184,4
330,750,1076,5,1184,4
331,107,1076,5,1184,4
331,210,1076,5,1184,4
331,454,1076,6,1184,4
331,609,1076,6,1184,4
331,711,1076,6,1184,4
331,794,1076,6,1184,4
331,896,1076,6,1184,4
332,015,1076,6,1184,4
332,102,1076,6,1184,4
332,186,1076,6,1184,4
332,282,1076,6,1184,4
332,358,1076,6,1184,4
332,436,1076,6,1184,4
332,537,1076,6,1184,4
332,942,1076,6,1184,4
333,043,1076,6,1184,4
333,168,1076,6,1184,4
333,304,1076,6,1184,4
333,436,1076,6,1184,4
333,571,1076,6,1184,4
333,662,1076,6,1184,4
333,767,1076,6,1184,4
333,867,1076,6,1184,4
333,969,1076,6,1184,4
334,097,1076,6,1184,4
334,199,1076,6,1184,4
334,339,1073,6,1184,4
334,537,1073,6,1184,4
334,855,1073,6,1184,4
335,087,1073,6,1184,4
335,263,1073,6,1184,4
335,480,1073,6,1184,4
335,671,1073,6,1184,4
335,819,1073,6,1184,4
335,918,1073,6,1184,4
336,078,1073,6,1184,4
336,209,1073,6,1184,4
336,330,1073,6,1184,4
336,509,1073,6,1184,4
336,658,1073,6,1184,4
336,767,1073,6,1184,4
336,892,1073,6,1184,4
337,019,1073,6,1184,4
337,176,1076,8,1184,4
337,309,1090,8,1184,4
337,429,1093,4,1184,4
337,637,1076,6,1184,4
337,741,1076,6,1184,4
337,830,1076,6,1184,4
337,944,1076,6,1184,4
338,146,1076,6,1184,4
338,294,1076,6,1184,4
338,478,1076,6,1184,4
338,672,1076,6,1184,4
339,065,1076,6,1184,4
339,202,1076,6,1184,4
339,377,1076,6,1184,4
339,539,1076,6,1184,4
340,239,1076,6,1184,4
340,426,1076,6,1184,4
340,590,1076,6,1184,4
340,791,1076,6,1184,4
340,958,1076,6,1184,4
341,063,1076,6,1184,4
341,156,1076,6,1184,4
341,283,1076,6,1184,4
341,370,1076,6,1184,4
341,480,1076,6,1184,4
341,589,1076,6,1184,4
341,718,1076,6,1184,4
341,862,1076,6,1184,4
341,997,1076,6,1184,4
342,093,1076,6,1184,4
342,180,1076,6,1184,4
342,262,1076,6,1184,4
342,388,1076,6,1184,4
342,496,1076,6,1184,4
342,589,1076,6,1184,4
342,711,1076,6,1184,4
342,805,1076,6,1184,4
342,926,1076,6,1184,4
343,244,1076,6,1184,4
343,403,1076,6,1184,4
344,450,1076,6,1184,4
345,115,1076,6,1184,4
345,704,1076,6,1184,4
346,203,1076,6,1184,4
346,892,1076,6,1184,4
347,906,1076,6,1184,4
349,012,1076,6,1184,4
350,007,1076,6,1184,4
351,167,1076,6,1184,4
351,448,1076,6,1184,4
352,032,1076,6,1184,4
352,840,1076,6,1184,4
353,422,1076,6,1184,4
353,884,1076,6,1184,4
354,196,1076,6,1184,4
354,639,1076,6,1184,4
354,940,1076,6,1184,4
355,263,1076,6,1184,4
355,658,1076,6,1184,4
356,062,1076,6,1184,4
356,721,1076,6,1184,4
357,114,1076,6,1184,4
357,612,1076,6,1184,4
357,867,1076,6,1184,4
357,997,1076,6,1184,4
358,193,1076,6,1184,4
358,320,1076,6,1184,4
358,539,1076,6,1184,4
358,733,1076,6,1184,4
358,864,1076,6,1184,4
358,949,1076,6,1184,4
359,045,1076,6,1184,4
359,150,1076,6,1184,4
359,235,1076,6,1184,4
359,336,1076,6,1184,4
359,429,1076,6,1184,4
359,517,1076,6,1184,4
359,617,1076,6,1184,4
359,872,1076,6,1184,4
360,034,1076,6,1184,4
360,248,1076,6,1184,4
360,412,1076,6,1184,4
360,548,1076,6,1184,4
360,699,1076,6,1184,4
360,932,1076,6,1184,4
361,300,1076,6,1184,4
361,544,1076,6,1184,4
361,697,1076,6,1184,4
361,895,1076,6,1184,4
362,067,1076,6,1184,4
362,236,1076,6,1184,4
362,693,1076,6,1184,4
362,864,1076,6,1184,4
362,992,1076,6,1184,4
363,159,1076,6,1184,4
363,264,1076,6,1184,4
363,356,1076,6,1184,4
363,452,1076,6,1184,4
363,538,1076,6,1184,4
363,625,1076,6,1184,4
363,730,1076,6,1184,4
363,824,1076,6,1184,4
363,888,1076,6,1184,4
363,957,1076,6,1184,4
364,046,1076,6,1184,4
364,136,1076,6,1184,4
364,196,1076,6,1184,4
364,278,1076,6,1184,4
364,336,1076,6,1184,4
364,401,1076,6,1184,4
364,480,1076,6,1184,4
364,557,1076,6,1184,4
364,619,1076,6,1184,4
364,683,1076,6,1184,4
364,760,1076,6,1184,4
364,870,1076,6,1184,4
364,976,1076,6,1184,4
365,075,1076,6,1184,4
365,197,1076,6,1184,4
365,344,1076,6,1184,4
365,466,1076,6,1184,4
365,605,1076,6,1184,4
365,716,1076,6,1184,4
365,826,1076,6,1184,4
365,935,1076,6,1184,4
366,023,1076,6,1184,4
366,165,1076,6,1184,4
366,277,1076,6,1184,4
366,367,1076,6,1184,4
366,481,1076,6,1184,4
366,584,1076,6,1184,4
367,064,1076,6,1184,4
367,239,1076,6,1184,4
367,376,1076,6,1184,4
367,486,1076,6,1184,4
367,584,1076,6,1184,4
367,692,1076,6,1184,4
367,834,1076,6,1184,4
367,950,1076,6,1184,4
368,031,1076,6,1184,4
368,139,1076,6,1184,4
368,217,1076,6,1184,4
368,280,1076,6,1184,4
368,338,1076,6,1184,4
368,413,1076,6,1184,4
368,475,1076,6,1184,4
368,562,1076,6,1184,4
368,633,1076,6,1184,4
368,696,1076,6,1184,4
368,773,1076,6,1184,4
368,848,1076,6,1184,4
368,993,1076,6,1184,4
369,092,1076,6,1184,4
369,161,1076,6,1184,4
369,254,1076,6,1184,4
369,334,1076,6,1184,4
369,392,1076,6,1184,4
369,456,1076,6,1184,4
369,520,1076,6,1184,4
369,582,1076,6,1184,4
369,660,1076,6,1184,4
369,716,1076,6,1184,4
369,787,1076,6,1184,4
369,850,1076,6,1184,4
369,910,1076,6,1184,4
369,975,1076,6,1184,4
370,033,1076,6,1184,4
370,108,1076,6,1184,4
370,167,1076,6,1184,4
370,230,1076,6,1184,4
370,317,1076,6,1184,4
370,613,1073,7,1184,4
370,705,1073,7,1184,4
370,802,1073,7,1184,4
370,907,1073,7,1184,4
371,016,1073,7,1184,4
371,135,1073,7,1184,4
371,236,1073,7,1184,4
371,343,1073,7,1184,4
371,455,1073,7,1184,4
371,554,1073,7,1184,4
371,654,1073,7,1184,4
371,764,1073,7,1184,4
371,855,1073,7,1184,4
371,965,1073,7,1184,4
372,059,1093,5,1184,4
372,150,1091,7,1184,4
372,283,1094,3,1184,4
372,405,1076,7,1184,4
372,539,1076,7,1184,4
372,703,1076,7,1184,4
372,831,1076,7,1184,4
372,961,1076,7,1184,4
373,061,1076,7,1184,4
373,167,1076,7,1184,4
373,260,1076,7,1184,4
373,344,1076,7,1184,4
373,463,1076,7,1184,4
373,558,1076,7,1184,4
373,669,1076,7,1184,4
373,764,1076,7,1184,4
373,870,1076,7,1184,4
373,997,1076,7,1184,4
374,088,1076,7,1184,4
374,159,1076,7,1184,4
374,217,1076,7,1184,4
374,284,1076,7,1184,4
374,359,1076,7,1184,4
374,422,1076,7,1184,4
374,498,1076,7,1184,4
374,561,1076,7,1184,4
374,895,1076,7,1184,4
374,980,1076,7,1184,4
375,059,1076,7,1184,4
375,139,1076,7,1184,4
375,237,1076,7,1184,4
375,332,1076,7,1184,4
375,434,1076,7,1184,4
375,491,1076,7,1184,4
375,641,1076,7,1184,4
375,806,1076,7,1184,4
375,949,1076,7,1184,4
376,077,1076,7,1184,4
376,237,1076,7,1184,4
376,390,1076,7,1184,4
376,570,1076,7,1184,4
376,685,1076,7,1184,4
376,769,1076,7,1184,4
376,851,1076,7,1184,4
376,926,1076,7,1184,4
377,054,1076,7,1184,4
377,157,1076,7,1184,4
377,261,1076,7,1184,4
377,385,1076,7,1184,4
377,489,1076,7,1184,4
377,581,1076,7,1184,4
377,663,1076,7,1184,4
377,795,1076,7,1184,4
377,892,1076,7,1184,4
378,020,1076,7,1184,4
378,114,1076,7,1184,4
378,247,1076,7,1184,4
378,394,1076,7,1184,4
378,501,1076,7,1184,4
378,598,1076,7,1184,4
378,682,1076,7,1184,4
378,760,1076,7,1184,4
378,825,1076,7,1184,4
378,897,1076,7,1184,4
378,996,1076,7,1184,4
379,056,1076,7,1184,4
379,368,1076,7,1184,4
379,446,1076,7,1184,4
379,580,1076,7,1184,4
379,688,1076,7,1184,4
379,778,1076,7,1184,4
379,861,1076,7,1184,4
379,967,1076,7,1184,4
380,098,1076,7,1184,4
380,190,1076,7,1184,4
380,296,1076,7,1184,4
380,405,1076,7,1184,4
380,514,1076,7,1184,4
380,648,1076,7,1184,4
380,777,1076,7,1184,4
380,863,1076,7,1184,4
380,959,1076,7,1184,4
381,067,1076,7,1184,4
381,148,1076,7,1184,4
381,223,1076,7,1184,4
381,298,1076,7,1184,4
382,482,1076,7,1184,4
383,107,1076,7,1184,4
383,520,1076,7,1184,4
383,938,1076,7,1184,4
384,254,1076,7,1184,4
384,746,1076,7,1184,4
385,057,1076,7,1184,4
385,338,1076,7,1184,4
385,539,1076,7,1184,4
385,818,1076,7,1184,4
386,182,1076,7,1184,4
386,483,1076,7,1184,4
386,770,1076,7,1184,4
387,009,1076,7,1184,4
387,330,1076,7,1184,4
387,526,1076,7,1184,4
388,068,1076,7,1184,4
388,332,1076,7,1184,4
388,647,1076,7,1184,4
388,856,1076,7,1184,4
389,464,1076,7,1184,4
389,905,1076,7,1184,4
390,348,1076,7,1184,4
390,693,1076,7,1184,4
391,501,1076,7,1184,4
392,640,1076,7,1184,4
392,953,1076,7,1184,4
393,209,1076,7,1184,4
393,444,1076,7,1184,4
393,731,1076,7,1184,4
393,930,1076,7,1184,4
394,253,1076,7,1184,4
394,511,1076,7,1184,4
394,927,1076,7,1184,4
395,260,1076,7,1184,4
395,536,1076,7,1184,4
395,802,1076,7,1184,4
396,181,1076,7,1184,4
396,402,1076,7,1184,4
396,527,1076,7,1184,4
396,653,1076,7,1184,4
396,777,1076,7,1184,4
396,904,1076,7,1184,4
397,043,1076,7,1184,4
397,299,1076,7,1184,4
397,430,1076,7,1184,4
397,534,1076,7,1184,4
397,647,1076,7,1184,4
397,767,1076,7,1184,4
397,928,1076,7,1184,4
398,038,1076,7,1184,4
398,179,1076,7,1184,4
398,277,1076,7,1184,4
398,436,1076,7,1184,4
398,587,1076,7,1184,4
398,775,1076,7,1184,4
398,966,1076,7,1184,4
399,143,1076,7,1184,4
399,314,1076,7,1184,4
399,469,1076,7,1184,4
399,909,1076,7,1184,4
400,047,1076,7,1184,4
400,169,1076,7,1184,4
400,478,1076,7,1184,4
400,598,1076,7,1184,4
400,692,1076,7,1184,4
400,791,1076,7,1184,4
400,961,1076,7,1184,4
401,081,1076,7,1184,4
401,204,1076,7,1184,4
401,313,1076,7,1184,4
401,512,1076,7,1184,4
401,634,1076,7,1184,4
401,815,1076,7,1184,4
402,068,1076,6,1184,4
402,231,1076,6,1184,4
402,423,1076,6,1184,4
402,559,1076,6,1184,4
402,721,1076,6,1184,4
402,860,1076,6,1184,4
402,996,1076,6,1184,4
403,131,1076,6,1184,4
403,263,1076,6,1184,4
403,425,1076,6,1184,4
403,563,1076,6,1184,4
403,671,1076,6,1184,4
403,775,1076,6,1184,4
403,916,1076,6,1184,4
404,056,1076,6,1184,4
404,177,1076,6,1184,4
404,311,1076,6,1184,4
404,456,1076,6,1184,4
404,607,1076,6,1184,4
404,746,1073,7,1184,4
404,919,1073,7,1184,4
405,158,1073,7,1184,4
405,360,1073,7,1184,4
405,537,1073,7,1184,4
405,887,1073,7,1184,4
406,256,1073,7,1184,4
407,400,1073,7,1184,4
408,069,1073,8,1184,4
409,951,1073,8,1184,4
410,609,1073,8,1184,4
411,715,1073,8,1184,4
413,165,1073,8,1184,4
413,702,1073,8,1184,4
414,014,1073,8,1184,4
414,473,1073,8,1184,4
414,991,1073,8,1184,4
415,478,1073,8,1184,4
415,898,1073,8,1184,4
416,248,1073,8,1184,4
416,537,1075,6,1184,4
417,069,1093,1,1184,4
417,521,1100,1,1184,4
417,814,1091,8,1184,4
418,362,1076,7,1184,4
418,706,1076,7,1184,4
418,875,1076,7,1184,4
419,026,1076,7,1184,4
419,234,1076,7,1184,4
419,416,1076,7,1184,4
419,548,1076,7,1184,4
419,705,1076,7,1184,4
419,888,1076,7,1184,4
420,071,1076,7,1184,4
420,264,1076,7,1184,4
420,720,1076,7,1184,4
421,028,1076,7,1184,4
421,242,1076,7,1184,4
421,437,1076,7,1184,4
421,717,1076,7,1184,4
421,893,1076,7,1184,4
422,013,1076,7,1184,4
422,147,1076,7,1184,4
422,293,1076,7,1184,4
422,516,1076,7,1184,4
422,682,1076,7,1184,4
422,970,1076,7,1184,4
423,525,1076,7,1184,4
423,778,1076,7,1184,4
424,092,1076,7,1184,4
424,678,1076,7,1184,4
425,056,1076,7,1184,4
425,389,1076,7,1184,4
425,615,1076,7,1184,4
426,632,1076,7,1184,4
428,158,1076,7,1184,4
429,120,1076,7,1184,4
430,598,1076,7,1184,4
431,735,1076,7,1184,4
432,049,1076,7,1184,4
432,263,1076,7,1184,4
432,534,1076,7,1184,4
432,810,1076,7,1184,4
432,991,1076,7,1184,4
433,287,1076,7,1184,4
433,445,1076,7,1184,4
433,578,1076,7,1184,4
433,666,1076,7,1184,4
433,883,1076,7,1184,4
434,035,1076,7,1184,4
434,201,1076,7,1184,4
434,362,1076,7,1184,4
434,450,1076,7,1184,4
434,624,1076,7,1184,4
434,742,1076,7,1184,4
434,891,1076,7,1184,4
434,981,1076,7,1184,4
435,091,1076,7,1184,4
435,207,1076,7,1184,4
435,374,1076,7,1184,4
435,527,1076,7,1184,4
435,777,1076,7,1184,4
435,919,1076,7,1184,4
436,127,1076,7,1184,4
436,287,1076,7,1184,4
436,428,1076,7,1184,4
436,544,1076,7,1184,4
436,910,1076,7,1184,4
437,071,1076,7,1184,4
437,142,1076,7,1184,4
437,308,1076,7,1184,4
437,424,1076,7,1184,4
437,528,1076,7,1184,4
437,669,1076,7,1184,4
437,809,1076,7,1184,4
437,911,1076,7,1184,4
437,990,1076,7,1184,4
438,086,1076,7,1184,4
438,199,1076,7,1184,4
438,294,1076,7,1184,4
438,397,1076,7,1184,4
438,576,1076,7,1184,4
438,687,1076,7,1184,4
438,798,1076,7,1184,4
438,934,1076,7,1184,4
439,018,1076,7,1184,4
439,116,1076,7,1184,4
439,316,1076,7,1184,4
439,437,1076,7,1184,4
439,595,1076,7,1184,4
439,697,1076,7,1184,4
439,852,1076,7,1184,4
439,992,1076,7,1184,4
440,116,1076,7,1184,4
440,230,1076,7,1184,4
440,370,1076,7,1184,4
440,523,1076,7,1184,4
440,654,1076,7,1184,4
440,786,1076,7,1184,4
440,959,1076,7,1184,4
441,056,1076,7,1184,4
441,210,1076,7,1184,4
441,335,1076,7,1184,4
441,450,1076,7,1184,4
441,573,1076,7,1184,4
441,885,1076,7,1184,4
442,070,1076,7,1184,4
442,560,1076,7,1184,4
442,700,1076,7,1184,4
442,872,1076,7,1184,4
443,094,1076,7,1184,4
443,384,1076,7,1184,4
443,536,1076,7,1184,4
443,780,1076,7,1184,4
443,957,1076,7,1184,4
444,070,1076,7,1184,4
444,275,1076,7,1184,4
444,374,1076,7,1184,4
444,492,1076,7,1184,4
444,656,1076,7,1184,4
444,834,1076,7,1184,4
444,965,1076,7,1184,4
445,087,1076,7,1184,4
445,182,1076,7,1184,4
445,292,1076,7,1184,4
445,392,1076,7,1184,4
445,485,1076,7,1184,4
445,606,1076,7,1184,4
445,711,1076,7,1184,4
445,815,1076,7,1184,4
445,927,1076,7,1184,4
446,053,1076,7,1184,4
446,198,1076,7,1184,4
446,335,1076,7,1184,4
446,445,1076,7,1184,4
446,574,1076,7,1184,4
446,904,1076,7,1184,4
447,225,1076,7,1184,4
447,425,1076,7,1184,4
447,582,1076,7,1184,4
447,724,1076,7,1184,4
447,842,1076,7,1184,4
447,932,1076,7,1184,4
448,047,1076,7,1184,4
448,158,1076,7,1184,4
448,259,1076,7,1184,4
448,355,1076,7,1184,4
448,712,1076,7,1184,4
448,804,1076,7,1184,4
448,883,1076,7,1184,4
449,000,1076,7,1184,4
449,099,1076,7,1184,4
449,187,1076,7,1184,4
449,321,1076,7,1184,4
449,442,1076,7,1184,4
449,541,1076,7,1184,4
449,639,1076,7,1184,4
449,773,1076,7,1184,4
449,910,1076,7,1184,4
450,017,1076,7,1184,4
450,103,1076,7,1184,4
450,229,1076,7,1184,4
450,430,1076,7,1184,4
450,625,1076,7,1184,4
450,830,1076,7,1184,4
450,997,1076,7,1184,4
451,271,1076,7,1184,4
451,400,1076,7,1184,4
452,514,1076,7,1184,4
452,706,1073,8,1184,4
453,125,1073,8,1184,4
453,563,1073,8,1184,4
454,345,1073,8,1184,4
455,159,1073,8,1184,4
455,524,1073,8,1184,4
455,720,1073,8,1184,4
455,985,1073,8,1184,4
456,775,1073,8,1184,4
457,911,1073,8,1184,4
459,059,1073,8,1184,4
459,511,1073,8,1184,4
460,093,1073,8,1184,4
460,961,1073,8,1184,4
461,336,1073,8,1184,4
462,640,970,0,1184,4
462,964,970,4,1184,4
463,254,882,7,1184,4
465,139,68,7,1184,4
466,401,65,3,1184,4
